/*
 Navicat MySQL Data Transfer

 Source Server         : tinh
 Source Server Type    : MySQL
 Source Server Version : 100314
 Source Host           : localhost:3306
 Source Schema         : news

 Target Server Type    : MySQL
 Target Server Version : 100314
 File Encoding         : 65001

 Date: 23/06/2019 21:13:09
*/

SET NAMES utf8mb4;
SET FOREIGN_KEY_CHECKS = 0;

-- ----------------------------
-- Table structure for categories
-- ----------------------------
DROP TABLE IF EXISTS `categories`;
CREATE TABLE `categories`  (
  `id` int(11) NOT NULL AUTO_INCREMENT,
  `name` varchar(255) CHARACTER SET utf8 COLLATE utf8_general_ci NULL DEFAULT NULL,
  `parent_id` int(11) NULL DEFAULT NULL,
  `created_at` datetime(0) NULL ON UPDATE CURRENT_TIMESTAMP(0),
  `updated_at` datetime(0) NULL ON UPDATE CURRENT_TIMESTAMP(0),
  PRIMARY KEY (`id`) USING BTREE,
  INDEX `parent_category_id`(`parent_id`) USING BTREE
) ENGINE = InnoDB AUTO_INCREMENT = 36 CHARACTER SET = utf8 COLLATE = utf8_general_ci ROW_FORMAT = Dynamic;

-- ----------------------------
-- Records of categories
-- ----------------------------
INSERT INTO `categories` VALUES (1, 'Thế giới', 0, '2019-05-11 17:25:17', '2019-05-11 17:25:17');
INSERT INTO `categories` VALUES (2, 'Kinh tế vĩ mô', 0, '2019-05-11 17:25:17', '2019-05-11 17:25:17');
INSERT INTO `categories` VALUES (3, 'Bóng đá', 0, '2019-05-11 17:25:17', '2019-05-11 17:25:17');
INSERT INTO `categories` VALUES (4, 'Kinh doanh', 0, '2019-05-11 17:25:17', '2019-05-11 17:25:17');
INSERT INTO `categories` VALUES (5, 'Thị trường ', 0, '2019-05-11 17:25:17', '2019-05-11 17:25:17');
INSERT INTO `categories` VALUES (6, 'Công nghệ ', 0, '2019-05-11 17:25:17', '2019-05-11 17:25:17');
INSERT INTO `categories` VALUES (7, 'Điểm nóng ', 1, '2019-05-11 17:24:17', '2019-05-11 17:24:17');
INSERT INTO `categories` VALUES (8, 'Quân sự', 1, '2019-05-11 17:24:17', '2019-05-11 17:24:17');
INSERT INTO `categories` VALUES (9, 'Vũ khí hạt nhân ', 1, '2019-05-11 17:24:18', '2019-05-11 17:24:18');
INSERT INTO `categories` VALUES (10, 'Khoa học vũ trụ', 1, '2019-05-11 17:24:18', '2019-05-11 17:24:18');
INSERT INTO `categories` VALUES (11, 'Tin trong ngày ', 1, '2019-05-11 17:24:18', '2019-05-11 17:24:18');
INSERT INTO `categories` VALUES (12, 'Tài chính ', 2, '2019-05-01 00:00:00', '2019-05-01 00:00:00');
INSERT INTO `categories` VALUES (13, 'Chính sách', 2, '2019-05-02 00:00:00', '2019-05-02 00:00:00');
INSERT INTO `categories` VALUES (14, 'Hợp tác', 2, '2019-05-01 00:00:00', '2019-05-01 00:00:00');
INSERT INTO `categories` VALUES (15, 'Dự án', 2, '2019-05-06 00:00:00', '2019-05-07 00:00:00');
INSERT INTO `categories` VALUES (16, 'Lịch thi đấu', 3, '2019-05-11 17:26:39', '2019-05-11 17:26:39');
INSERT INTO `categories` VALUES (17, 'Sự kiện - Bình luận', 3, '2019-05-11 17:26:39', '2019-05-11 17:26:39');
INSERT INTO `categories` VALUES (18, 'Video', 3, '2019-05-11 17:26:39', '2019-05-11 17:26:39');
INSERT INTO `categories` VALUES (19, 'Livescore', 3, '2019-05-11 17:26:39', '2019-05-11 17:26:39');
INSERT INTO `categories` VALUES (20, 'Lịch thi đấu hôm nay', 3, '2019-05-11 17:26:40', '2019-05-11 17:26:40');
INSERT INTO `categories` VALUES (21, 'Kết quả bóng đá', 3, '2019-05-11 17:26:40', '2019-05-11 17:26:40');
INSERT INTO `categories` VALUES (22, 'Top ghi bàn', 3, '2019-05-11 17:26:40', '2019-05-11 17:26:40');
INSERT INTO `categories` VALUES (23, 'Bảng xếp hạng', 3, '2019-05-11 17:26:40', '2019-05-11 17:26:40');
INSERT INTO `categories` VALUES (24, 'Bóng đá trong nước', 3, '2019-05-11 17:26:40', '2019-05-11 17:26:40');
INSERT INTO `categories` VALUES (25, 'Doanh nhân', 4, '2019-05-11 17:26:56', '2019-05-11 17:26:56');
INSERT INTO `categories` VALUES (26, 'Tài chính', 4, '2019-05-11 17:28:44', '2019-05-11 17:28:44');
INSERT INTO `categories` VALUES (27, 'Bất động sản', 4, '2019-05-11 17:28:44', '2019-05-11 17:28:44');
INSERT INTO `categories` VALUES (28, 'Khởi nghiệp', 4, '2019-05-11 17:28:44', '2019-05-11 17:28:44');
INSERT INTO `categories` VALUES (29, 'Doanh nghiệp', 4, '2019-05-11 17:28:45', '2019-05-11 17:28:45');
INSERT INTO `categories` VALUES (30, 'Ngân hàng ', 4, '2019-05-11 17:28:45', '2019-05-11 17:28:45');
INSERT INTO `categories` VALUES (31, 'Bitcoin', 4, '2019-05-11 17:28:45', '2019-05-11 17:28:45');
INSERT INTO `categories` VALUES (32, 'Tỷ giá', 4, '2019-05-11 17:28:45', '2019-05-11 17:28:45');
INSERT INTO `categories` VALUES (33, 'Chứng khoáng', 4, '2019-05-11 17:28:45', '2019-05-11 17:28:45');
INSERT INTO `categories` VALUES (35, 'Smart House', 6, '2019-06-18 10:50:01', '2019-06-18 10:50:01');

-- ----------------------------
-- Table structure for comments
-- ----------------------------
DROP TABLE IF EXISTS `comments`;
CREATE TABLE `comments`  (
  `id` bigint(20) NOT NULL AUTO_INCREMENT,
  `name` varchar(255) CHARACTER SET utf8 COLLATE utf8_general_ci NULL DEFAULT NULL,
  `content` text CHARACTER SET utf8 COLLATE utf8_general_ci NULL,
  `post_id` bigint(20) NULL DEFAULT NULL,
  `created_at` datetime(0) NULL ON UPDATE CURRENT_TIMESTAMP(0),
  `updated_at` datetime(0) NULL ON UPDATE CURRENT_TIMESTAMP(0),
  PRIMARY KEY (`id`) USING BTREE,
  INDEX `post_id`(`post_id`) USING BTREE,
  CONSTRAINT `comments_ibfk_1` FOREIGN KEY (`post_id`) REFERENCES `posts` (`id`) ON DELETE CASCADE ON UPDATE CASCADE
) ENGINE = InnoDB AUTO_INCREMENT = 9 CHARACTER SET = utf8 COLLATE = utf8_general_ci ROW_FORMAT = Dynamic;

-- ----------------------------
-- Records of comments
-- ----------------------------
INSERT INTO `comments` VALUES (1, 'Jame Grey', 'Rất hữu ích. Tôi nhất định sẽ mua nó', 1, '2019-05-19 13:38:10', '2019-05-19 13:38:10');
INSERT INTO `comments` VALUES (2, 'Tony Stark', 'Việc tin tưởng vào sản phẩm của SamSung là không bao giờ sai cả.', 1, '2019-05-18 23:12:26', '2019-05-18 23:12:26');
INSERT INTO `comments` VALUES (3, 'Hoài Anh', 'Ôi đẹp vậy', 1, '2019-05-18 23:12:31', '2019-05-18 23:12:31');
INSERT INTO `comments` VALUES (4, 'Harry', 'Mình cũng vậy', 1, '2019-05-18 23:49:04', '2019-05-18 23:49:04');
INSERT INTO `comments` VALUES (5, 'Tịnh', 'quá tuyệt voờii', 1, '2019-05-19 01:50:16', '2019-05-19 01:50:16');
INSERT INTO `comments` VALUES (6, 'Tịnh', 'quá awesome', 1, '2019-05-19 01:51:12', '2019-05-19 01:51:12');
INSERT INTO `comments` VALUES (7, 'Tịnh', 'đẹp trai quá', 14, '2019-05-19 10:02:16', '2019-05-19 10:02:16');
INSERT INTO `comments` VALUES (8, 'tịnh', 'sản phẩm này đẹp quá', 4, '2019-06-18 10:19:56', '2019-06-18 10:19:56');

-- ----------------------------
-- Table structure for manage_categories
-- ----------------------------
DROP TABLE IF EXISTS `manage_categories`;
CREATE TABLE `manage_categories`  (
  `id` int(11) NOT NULL AUTO_INCREMENT,
  `category_manage_id` int(11) NULL DEFAULT NULL,
  `editor_id` int(11) NULL DEFAULT NULL,
  `created_by` int(11) NULL DEFAULT NULL,
  `created_at` datetime(0) NULL ON UPDATE CURRENT_TIMESTAMP(0),
  `updated_at` datetime(0) NULL ON UPDATE CURRENT_TIMESTAMP(0),
  PRIMARY KEY (`id`) USING BTREE,
  INDEX `editor_id`(`editor_id`) USING BTREE,
  INDEX `manage_categories_ibfk_1`(`category_manage_id`) USING BTREE,
  CONSTRAINT `manage_categories_ibfk_1` FOREIGN KEY (`category_manage_id`) REFERENCES `categories` (`id`) ON DELETE RESTRICT ON UPDATE RESTRICT,
  CONSTRAINT `manage_categories_ibfk_2` FOREIGN KEY (`editor_id`) REFERENCES `users` (`id`) ON DELETE RESTRICT ON UPDATE RESTRICT
) ENGINE = InnoDB AUTO_INCREMENT = 7 CHARACTER SET = utf8 COLLATE = utf8_general_ci ROW_FORMAT = Dynamic;

-- ----------------------------
-- Records of manage_categories
-- ----------------------------
INSERT INTO `manage_categories` VALUES (1, 1, 4, 3, '2019-06-04 17:53:51', '2019-06-04 17:53:51');
INSERT INTO `manage_categories` VALUES (2, 2, 4, 3, '2019-06-04 17:53:54', '2019-06-04 17:53:54');
INSERT INTO `manage_categories` VALUES (3, 3, 4, 3, '2019-06-04 17:53:59', '2019-06-04 17:53:59');
INSERT INTO `manage_categories` VALUES (4, 4, 4, 3, '2019-06-04 17:54:02', '2019-06-04 17:54:02');
INSERT INTO `manage_categories` VALUES (5, 5, 4, 3, '2019-06-04 17:54:04', '2019-06-04 17:54:04');
INSERT INTO `manage_categories` VALUES (6, 6, 4, 3, '2019-06-04 17:54:08', '2019-06-04 17:54:08');

-- ----------------------------
-- Table structure for post_tageds
-- ----------------------------
DROP TABLE IF EXISTS `post_tageds`;
CREATE TABLE `post_tageds`  (
  `id` int(11) NOT NULL AUTO_INCREMENT,
  `tag_name` varchar(255) CHARACTER SET utf8 COLLATE utf8_general_ci NULL DEFAULT NULL,
  `tag_id` int(11) NULL DEFAULT NULL,
  `post_id` bigint(11) NULL DEFAULT NULL,
  `created_at` datetime(0) NULL ON UPDATE CURRENT_TIMESTAMP(0),
  `updated_at` datetime(0) NULL ON UPDATE CURRENT_TIMESTAMP(0),
  PRIMARY KEY (`id`) USING BTREE,
  INDEX `tag_id`(`tag_id`) USING BTREE,
  INDEX `post_id`(`post_id`) USING BTREE,
  CONSTRAINT `post_tageds_ibfk_1` FOREIGN KEY (`tag_id`) REFERENCES `tags` (`id`) ON DELETE CASCADE ON UPDATE CASCADE,
  CONSTRAINT `post_tageds_ibfk_2` FOREIGN KEY (`post_id`) REFERENCES `posts` (`id`) ON DELETE CASCADE ON UPDATE CASCADE
) ENGINE = InnoDB AUTO_INCREMENT = 29 CHARACTER SET = utf8 COLLATE = utf8_general_ci ROW_FORMAT = Dynamic;

-- ----------------------------
-- Records of post_tageds
-- ----------------------------
INSERT INTO `post_tageds` VALUES (1, 'Thiết bị', 8, 1, '2019-05-01 00:00:00', '2019-05-01 00:00:00');
INSERT INTO `post_tageds` VALUES (3, 'Tết', 3, 3, '2019-05-01 00:00:00', '2019-05-02 00:00:00');
INSERT INTO `post_tageds` VALUES (4, 'Galaxy', 7, 4, '2019-05-01 00:00:00', '2019-05-01 00:00:00');
INSERT INTO `post_tageds` VALUES (5, 'Bóng đá', 2, 5, '2019-05-01 00:00:00', '2019-05-02 00:00:00');
INSERT INTO `post_tageds` VALUES (6, 'Thời sự thế giới', 6, 6, '2019-05-20 08:48:09', '2019-05-20 08:48:09');
INSERT INTO `post_tageds` VALUES (7, 'Thời sự thế giới', 6, 7, '2019-05-01 00:00:00', '2019-05-02 00:00:00');
INSERT INTO `post_tageds` VALUES (8, 'Ngoại hạng anh', 5, 8, '2019-05-01 00:00:00', '2019-05-01 00:00:00');
INSERT INTO `post_tageds` VALUES (9, 'Nữ diễn viên', 4, 9, '2019-05-01 00:00:00', '2019-05-02 00:00:00');
INSERT INTO `post_tageds` VALUES (10, 'Nghệ An', 10, 10, '2019-05-01 00:00:00', '2019-05-01 00:00:00');
INSERT INTO `post_tageds` VALUES (11, 'Mobile', 6, 11, '2019-05-01 00:00:00', '2019-05-02 00:00:00');
INSERT INTO `post_tageds` VALUES (12, 'SamSung', 7, 12, '2019-05-01 00:00:00', '2019-05-01 00:00:00');
INSERT INTO `post_tageds` VALUES (13, 'Facebook', 6, 13, '2019-05-01 00:00:00', '2019-05-02 00:00:00');
INSERT INTO `post_tageds` VALUES (14, 'Gian lận', 6, 14, '2019-05-01 00:00:00', '2019-05-01 00:00:00');
INSERT INTO `post_tageds` VALUES (15, 'Arsenal', 5, 15, '2019-05-01 00:00:00', '2019-05-02 00:00:00');
INSERT INTO `post_tageds` VALUES (16, 'Champions League', 2, 16, '2019-05-01 00:00:00', '2019-05-01 00:00:00');
INSERT INTO `post_tageds` VALUES (17, 'Marvel', 4, 17, '2019-05-01 00:00:00', '2019-05-02 00:00:00');
INSERT INTO `post_tageds` VALUES (18, 'Phim Việt Nam', 4, 18, '2019-05-01 00:00:00', '2019-05-01 00:00:00');
INSERT INTO `post_tageds` VALUES (20, 'Mark Zuckerberg ', 6, 20, '2019-05-01 00:00:00', '2019-05-01 00:00:00');
INSERT INTO `post_tageds` VALUES (21, 'Tai nghe', 7, 4, '2019-05-01 00:00:00', '2019-05-02 00:00:00');
INSERT INTO `post_tageds` VALUES (24, 'Công nghệ', 8, 2, '2019-06-04 05:56:08', '2019-06-04 05:56:08');
INSERT INTO `post_tageds` VALUES (25, 'Thể thao', 9, 2, '2019-06-04 05:56:08', '2019-06-04 05:56:08');
INSERT INTO `post_tageds` VALUES (27, 'Thể thao', 2, 31, '2019-06-22 09:04:52', '2019-06-22 09:04:52');
INSERT INTO `post_tageds` VALUES (28, 'Doanh nghiệp', 1, 32, '2019-06-22 09:35:05', '2019-06-22 09:35:05');

-- ----------------------------
-- Table structure for posts
-- ----------------------------
DROP TABLE IF EXISTS `posts`;
CREATE TABLE `posts`  (
  `id` bigint(20) NOT NULL AUTO_INCREMENT,
  `avatar` varchar(255) CHARACTER SET utf8 COLLATE utf8_general_ci NULL DEFAULT NULL,
  `content` text CHARACTER SET utf8 COLLATE utf8_general_ci NULL,
  `views` bigint(20) UNSIGNED NULL DEFAULT 0,
  `status` tinyint(4) NULL DEFAULT 0,
  `premium_status` tinyint(3) NULL DEFAULT 0,
  `category_id` int(11) NULL DEFAULT NULL,
  `created_by` int(11) NULL DEFAULT NULL,
  `author_name` varchar(255) CHARACTER SET utf8 COLLATE utf8_general_ci NULL DEFAULT NULL,
  `post_date` datetime(0) NULL DEFAULT NULL,
  `title` varchar(255) CHARACTER SET utf8 COLLATE utf8_general_ci NULL DEFAULT NULL,
  `thumb_img` varchar(255) CHARACTER SET utf8 COLLATE utf8_general_ci NULL DEFAULT NULL,
  `summary_content` varchar(255) CHARACTER SET utf8 COLLATE utf8_general_ci NULL DEFAULT NULL,
  `fail_reason` text CHARACTER SET utf8 COLLATE utf8_general_ci NULL,
  `created_at` datetime(0) NULL ON UPDATE CURRENT_TIMESTAMP(0),
  `updated_at` datetime(0) NULL ON UPDATE CURRENT_TIMESTAMP(0),
  PRIMARY KEY (`id`) USING BTREE,
  INDEX `category_id`(`category_id`) USING BTREE,
  INDEX `created_by`(`created_by`) USING BTREE,
  FULLTEXT INDEX `title`(`title`),
  FULLTEXT INDEX `summary_content`(`summary_content`),
  FULLTEXT INDEX `content`(`content`),
  FULLTEXT INDEX `FTX`(`title`, `content`, `summary_content`),
  CONSTRAINT `posts_ibfk_1` FOREIGN KEY (`category_id`) REFERENCES `categories` (`id`) ON DELETE CASCADE ON UPDATE CASCADE,
  CONSTRAINT `posts_ibfk_2` FOREIGN KEY (`created_by`) REFERENCES `users` (`id`) ON DELETE CASCADE ON UPDATE CASCADE
) ENGINE = InnoDB AUTO_INCREMENT = 33 CHARACTER SET = utf8 COLLATE = utf8_general_ci ROW_FORMAT = Dynamic;

-- ----------------------------
-- Records of posts
-- ----------------------------
INSERT INTO `posts` VALUES (1, 'https://firebasestorage.googleapis.com/v0/b/flashfood-ce894.appspot.com/o/p_1_ava.jpg?alt=media&token=ef6b3612-89c1-4416-984a-7804854d9fbd', 'Các thiết bị dưới đây được xây dựng cho một căn hộ chung cư với 2 phòng ngủ, 2 phòng vệ sinh, một phòng khách kèm phòng ăn. Vì trong tầm giá 10 triệu đồng, đa số các thiết bị đề xuất dưới đây sẽ nằm trong hệ sinh thái Xiaomi. Chúng chưa được bán chính hãng ở Việt Nam, nhưng người dùng vẫn có thể mua hàng \"xách tay\" thông qua một số kênh bán lẻ ở Hà Nội và TP.HCM.\r\nLoa Insignia hỗ trợ Google Home là một sản phẩm tới thương hiệu Mỹ. Thiết bị này sẽ giúp bạn điều khiển bằng giọng nói để bật tắt các thiết bị trong phòng, đồng thời làm loa phát nhạc và kèm với chức năng báo giờ. Insignia có thể kết nối với Google Home Mini ở những phòng khác. Cách kết nối: Sử dụng app Google Home. Giá tham khảo: 1,5 triệu đồng. \r\nĐể tiện lợi khi sử dụng, các bạn hãy kết nối các thiết bị kể trên với những phần mềm đã được viết sẵn tương thích với chúng. Sau khi đã cài đặt xong, chúng ta có thể link Broadlink, JAVIS và Xiaomi lên ứng dụng Google Home. Và sau đó chỉ cần dùng Google Home là đủ để kết nối toàn bộ thiết bị trong nhà và ra lệnh bằng giọng nói', 3000, 1, 0, 6, 3, 'thanhtinh', '2019-05-07 00:00:00', 'Gợi ý lắp smarthome giá tầm 10 triệu ở Việt Nam', 'https://firebasestorage.googleapis.com/v0/b/flashfood-ce894.appspot.com/o/p_1_thumb.jpg?alt=media&token=49fa9ebd-7e34-478f-b3e9-5d65c3b8c5d0', 'Với 10 triệu đồng, người dùng đã có thể tự làm smarthome điều khiển bằng giọng nói, tự động tắt mở quạt, điều hòa, TV...', '<p>klsdhfbcjksdbcjksdbcd</p>\n', '2019-06-06 00:16:41', '2019-06-21 10:04:23');
INSERT INTO `posts` VALUES (2, 'https://firebasestorage.googleapis.com/v0/b/flashfood-ce894.appspot.com/o/p_2_ava.jpg?alt=media&token=49148606-9e9c-4114-af8f-ae65a7ed3547', 'Khảo sát từ Euromonitor tiết lộ Panasonic là thương hiệu máy giặt số 1 Nhật Bản với thị phần dẫn đầu năm 2017. Thương hiệu uy tín là một trong những tiêu chí để phụ nữ Nhật chọn máy giặt.\r\nNgười Nhật luôn cân nhắc kỹ lưỡng khả năng kinh tế, số lượng thành viên trong gia đình để chọn máy giặt có công năng và giá cả phù hợp. Hiện nay, thị trường có 2 dòng phổ biến là máy giặt cửa trên và cửa trước.\r\n\r\nƯu điểm lớn nhất của máy giặt cửa trên nằm ở giá thành rẻ. Trong khi đó, máy giặt cửa trước ra đời sau với nhiều cải tiến hiện đại nên giá cao hơn. Các thương hiệu máy giặt uy tín như Panasonic đều có các phân khúc từ phổ thông đến cao cấp để khách hàng lựa chọn phù hợp với ngân sách.\r\nLà quốc gia không giàu tài nguyên nên người Nhật rất tiết kiệm. Tuy nhiên, điều này vẫn phải đảm bảo đem lại hiệu quả dài hạn. Chiếc máy giặt tốt sẽ trở thành “trợ thủ” đắc lực cho mỗi gia đình. Vòng đời sử dụng thường kéo dài nhiều năm nên người Nhật không ngại chi cho sản phẩm hiệu suất cao. Vì vậy, trong khoảng một thập niên trở lại đây, hầu hết gia đình tại Nhật Bản đều ưu ái dòng máy giặt cửa trước nhờ những tính ưu việt của sản phẩm.\r\n\r\nCụ thể, trong khi máy giặt cửa trên có tốc độ quay thường dưới 800 vòng/phút thì chỉ số này ở loại cửa trước có thể lên tới 1.200 vòng/phút, tạo cách biệt ấn tượng về hiệu quả làm sạch sâu cũng như khả năng hong khô. Bên cạnh đó, cấu trúc quay ly tâm của máy cửa trước khiến quần áo được đảo đều hơn, không bị xoắn chặt, giảm hư hỏng, nhăn, rách. Mức độ tiêu thụ nước lại khiêm tốn hơn nhiều.\r\nTối giản là trào lưu mới trong thiết kế nội thất hiện đại và trở thành phong cách được người Nhật yêu thích. Điển hình, những chiếc máy giặt đứng đầu thị phần của Panasonic luôn có màu sắc trang nhã, thiết kế tinh tế cho nội thất của ngôi nhà.\r\n\r\nNhững máy giặt thời thượng, công nghệ hiện đại của Panasonic tại Việt Nam cũng có hiệu suất hoạt động không thua kém gì sản phẩm thị trường nội địa. Các bà nội trợ Việt có thể tham khảo mẹo chọn máy giặt của người Nhật để sắm cho gia đình mình “trợ thủ” đáng tin cậy, giúp quần áo cả nhà không chỉ sạch bẩn mà còn sạch cả vi khuẩn.', 1500, 1, 1, 17, 3, 'thanhtinh', '2019-06-14 11:11:00', 'Cách phụ nữ Nhật chọn máy giặt để tiết kiệm, phù hợp không gian sống', 'https://firebasestorage.googleapis.com/v0/b/flashfood-ce894.appspot.com/o/p_2_thumb.jpg?alt=media&token=d32ccd0e-d504-4f43-9a34-f5546eaabb18', 'Người Nhật nổi tiếng cẩn trọng, nên việc chọn đồ gia dụng lại càng không thể qua loa. Đặc biệt, các sản phẩm liên quan đến sức khỏe như máy giặt được bà nội trợ ưu tiên đầu tư.', NULL, '2019-06-05 17:25:18', '2019-06-05 17:25:18');
INSERT INTO `posts` VALUES (3, 'https://firebasestorage.googleapis.com/v0/b/flashfood-ce894.appspot.com/o/p_3_ava.jpg?alt=media&token=6869373b-dd84-4fe1-8c11-b5d2890579eb', 'Sau Tết, nhiều mẫu TV được giảm giá mạnh, phần lớn nằm trong phân khúc cao cấp. Với mức giảm sâu, đây có thể là động thái xả hàng để đón các model mới của năm 2019 sau triển lãm CES.\r\n\r\nNgoài ra, thị trường đã qua mùa mua sắm Tết nên cần những cú hích lớn để giảm lượng máy tồn kho, theo một chuyên gia trong lĩnh vực điện máy.\r\n\r\nĐáng chú ý trong đợt giảm giá này, những model cao cấp của Samsung như QA55 inch Q7F giảm 21 triệu từ 46,9 còn 25,9 triệu đồng, QA 55 inch Q8C giảm 16 triệu từ 51,9 còn 35,9 triệu đồng, QA 65 inch Q7F 51,9 triệu đồng còn 35,9 triệu đồng hay QA 65 inch Q7F từ 61,9 triệu đồng còn 43,9 triệu đồng.\r\nViệc hàng loạt TV cao cấp giảm giá mạnh sau Tết là điều có thể dự đoán trước. Do có giá cao, những model này chứng kiến sức mua yếu, thậm chí ngay cả trong mùa mua sắm.\r\n\r\nNgoài ra, tại triển lãm thương mại điện tử CES 2019, người ta đã chứng kiến nhiều nâng cấp ấn tượng cho TV. Đầu tiên phải kể đến chính là xu hướng độ phân giải 8K hứa hẹn mang đến trải nghiệm hình ảnh tối ưu hơn so với 4K.\r\n\r\nCùng với đó là những đột phá về thiết kế, kích thước màn hình, công nghệ panel, TV màn hình cuộn. Những thiết bị sở hữu công nghệ mới nhất này được dự đoán sẽ có mặt tại Việt Nam ngay trong năm nay.\r\nNgoài phân khúc cao cấp, nhiều model trong tầm giá trên 10 triệu đồng cũng có mức giảm nhẹ để kích cầu người mua. Cụ thể, TV Samsung UA43NU7400 và UA49NU7100 giảm còn 11,9 và 13,6 triệu đồng, Sony 43 inch W660F giảm 2,5 triệu từ 12,29 còn 9,7 triệu đồng.\r\n\r\nTheo hãng nghiên cứu IHS Market, Samsung giữ ngôi vị số 1 về thị phần TV thế giới với 29%, xếp sau là LG 17,5%, Hisense 5,7% và TCL 5,6%. Tại Việt Nam, theo GfK, trung bình thị phần 12 tháng của năm 2018 đến 19/1/2019 của Samsung trong mảng TV đạt 41,7%, Sony 34,4% và LG 14,3%.', 6000, 1, 0, 6, 3, 'trieu123', '2019-06-04 11:11:00', 'Nhiều mẫu TV cao cấp giảm giá chục triệu đồng', 'https://firebasestorage.googleapis.com/v0/b/flashfood-ce894.appspot.com/o/p_3_thumb.jpg?alt=media&token=6a542c86-e7e6-4305-995d-5771cfba510b', 'Các mẫu TV màn hình 55, 65 inch thuộc phân khúc cao cấp trước đây giảm giá mạnh để dọn kho, chào đón phiên bản 2019.', NULL, '2019-06-06 00:16:44', '2019-06-06 00:16:44');
INSERT INTO `posts` VALUES (4, 'https://firebasestorage.googleapis.com/v0/b/flashfood-ce894.appspot.com/o/p_4_ava.jpg?alt=media&token=3f1dde61-e7fc-4210-a806-1636d067485f', 'Galaxy Buds là mẫu tai nghe không dây mới nhất của Samsung. Model này được tặng kèm khi người dùng đặt mua Galaxy S mới. Dự kiến, hãng sẽ bán ra Galaxy Buds với mức giá 4,5 triệu đồng.\r\nHộp của tai nghe Galaxy Buds được làm nhỏ gọn hơn so với mẫu Gear Icon X. Chiếc hộp này có thiết kế dạng viên thuốc, dùng chất liệu nhựa cho cho cảm giác cầm khá êm tay. Người dùng có thể dễ dàng mang theo tai nghe này khi di chuyển.\r\nTrên hộp của Galaxy Buds có một rãnh nhỏ ở phía trước, người dùng lấy tay đẩy lên để mở nắp. Không thuận tiện bằng cách bấm nút để mở nắp như Gear Icon X.\r\nTai nghe được sạc trực tiếp trên chiếc hộp này. Do có nam châm, nó sẽ hít tai nghe vào vị trí sạc khi người dùng đặt vào hộp.\r\nGiống như Gear Icon X, Galaxy Buds vẫn được trang bị cảm biến hồng ngoại, có thể nhận biết khi người dùng đeo hoặc tháo tai nghe.\r\nĐể dùng tai nghe này, người dùng cần tải ứng dụng Galaxy Wearable (miễn phí trên App Store và Google Play). Giao diện trên ứng dụng này khá đơn giản, người dùng có thể điều chỉnh mức âm lượng hay bộ chỉnh âm từ êm dịu, tăng âm bổng, xem phần trăm pin…\r\nNgười dùng có thể chạm một lần trên tai nghe để dừng bài hát, chạm hai lần để chuyển sang bài kế tiếp, ba lần để quay trở về bài trước.\r\nChiếc tai nghe này có phần đệm được làm bằng chất liệu cao su mềm, tuy nhiên khi đeo trong thời gian dài sẽ có tình trạng đau tai.\r\nTai nghe Galaxy Buds có dung lượng pin 58 mAh, trong khi hộp của thiết bị là 252 mAh. Model này có thời lượng pin khoảng 6 tiếng nghe nhạc liên tục, cao hơn 1 tiếng so với AirPods. Ngoài ra, hộp Galaxy Buds có tính năng sạc không dây chuẩn Qi, người dùng có thể sử dụng Galaxy S10 để sạc cho thiết bị này.\r\nGalaxy Buds sở hữu một thiết kế mềm mại, nhỏ gọn, âm thanh chi tiết, rõ ràng. Bên cạnh đó, với thời lượng pin tốt và giá bán thấp hơn 500.000 đồng so với AirPods, thiết bị hứa hẹn mang một làn gió mới trong thị trường tai nghe không dây.', 7000, 1, 0, 6, 3, 'thanhtinh', '2019-05-03 00:00:00', 'Chi tiết Galaxy Buds - nhỏ gọn, giá rẻ hơn AirPods', 'https://firebasestorage.googleapis.com/v0/b/flashfood-ce894.appspot.com/o/p_4_thumb.jpg?alt=media&token=f56fcf0b-32b8-467c-aba5-0eec8076ebfc', 'Galaxy Buds là phiên bản kế nhiệm của mẫu Galaxy Gear Icon X. Thiết bị này có kiểu dáng nhỏ gọn, cải tiến về âm thanh và tích hợp công nghệ sạc không dây.', NULL, '2019-06-06 00:22:11', '2019-06-06 00:22:11');
INSERT INTO `posts` VALUES (5, 'https://firebasestorage.googleapis.com/v0/b/flashfood-ce894.appspot.com/o/p_5_ava.jpg?alt=media&token=9d26f0cd-f9a6-4201-b67c-c888338df3ac', '\"Mày là ai mà nói chuyện với tao như thế? Mày chỉ biết thực hiện những đường chuyền về phía sau mà lên tiếng gì\", Neymar quát vào mặt Draxler. Vụ việc này xảy ra sau khi PSG thua 2-3 trước Montpellier (1/5). Hôm ấy, Draxler chỉ trích Neymar đá rườm rà và cá nhân.\r\n\r\nCả hai suýt đánh nhau nếu Giám đốc thể thao Antero Henrique của CLB không can ngăn. Vài ngày sau, chân sút người Brazil tiếp tục tỏ thái độ không thể chấp nhận. Anh thẳng thừng tuyên bố rất khó chịu với màn trình diễn của những cầu thủ trong đội.', 6500, 1, 1, 3, 3, 'thanhtinh', '2019-05-10 00:00:00', 'Neymar quát đồng đội: \'Mày là ai mà nói chuyện với tao như thế?\'', 'https://firebasestorage.googleapis.com/v0/b/flashfood-ce894.appspot.com/o/p_5_thumb.jpg?alt=media&token=fddccc15-3755-4440-913d-b0c4cbe45d62', 'Tiền đạo Neymar suýt dùng nắm đấm để giải quyết mâu thuẫn với người đồng đội Julian Draxler trong phòng thay đồ.', NULL, '2019-06-05 17:25:18', '2019-06-05 17:25:18');
INSERT INTO `posts` VALUES (6, 'https://firebasestorage.googleapis.com/v0/b/flashfood-ce894.appspot.com/o/p_6_ava.jpg?alt=media&token=182505d9-149b-4565-84c6-bd60e0cd4259', 'Rạng sáng 9/5, 8 người khi đi thang máy tại khách sạn Gims (ở xã Xuân Thới Thượng, huyện Hóc Môn, TP.HCM) thì bị kẹt bên trong. Chủ khách sạn cùng bảo vệ tìm cách mở cửa thang máy nhưng bất thành.\r\nCảnh sát PCCC và cứu nạn, cứu hộ huyện Hóc Môn sau đó cử lực lượng đến hiện trường. Lính cứu hộ dùng kìm chuyên dụng và máy cắt thủy lực phá cửa thang máy và bơm dưỡng khí cho những nạn nhân bên trong.\r\n\r\nSau 30 phút giải cứu, 8 người được đưa ra ngoài an toàn, sức khỏe ổn định. Những vị khách này quê Hà Nội và Hải Phòng, vào Sài Gòn thuê khách sạn ở thì xảy ra vụ việc.', 4500, 1, 0, 7, 3, 'thanhtinh', '2019-05-09 00:00:00', 'Giải cứu 8 người kẹt trong thang máy ở Sài Gòn', 'https://firebasestorage.googleapis.com/v0/b/flashfood-ce894.appspot.com/o/p_6_thumb.jpg?alt=media&token=91ac9494-7bd4-41aa-a142-d38436826315', 'Nhiều người đi thang máy tại một khách sạn trên quốc lộ 22, huyện Hóc Môn (TP.HCM) đã bị kẹt bên trong hơn nửa giờ.', NULL, '2019-06-06 00:22:43', '2019-06-06 00:22:43');
INSERT INTO `posts` VALUES (7, 'https://firebasestorage.googleapis.com/v0/b/flashfood-ce894.appspot.com/o/p_7_ava.jpg?alt=media&token=77d9a4cf-d08e-42e1-80d5-9c1947abcd52', 'Theo Washington Post, các quan chức Bộ Tư pháp báo con tàu Wise Honest đang tiến vào lãnh hải Mỹ, với sự hỗ trợ của cảnh sát và lực lượng bảo vệ bờ biển Mỹ.\r\n\r\nĐây là lần đầu tiên Mỹ bắt giữ một tàu hàng Triều Tiên do vi phạm các lệnh trừng phạt quốc tế.\r\n\r\n\"Con tàu phá vỡ cách lệnh cấm vận này hiện đã ngưng hoạt động\", ông John Demers, thứ trưởng Bộ Tư pháp, cho biết khi thông báo về vụ bắt giữ.\r\nCon tàu thân đơn với trọng tải 17.600 tấn là một trong những tàu hàng lớn nhất của Triều Tiên, và các quan chức Mỹ cho biết nó được sử dụng để xuất khẩu than ra nước ngoài và nhập máy móc hạng nặng về Triều Tiên.\r\n\r\nNăm ngoái, truyền thông đưa tin cơ quan chức năng Indonesia đã chặn con tàu sau khi nghi ngờ nó vi phạm các biện pháp cấm vận. Phía Mỹ không cho biết có phải Indonesia giao nộp con tàu cho họ hay không.\r\n\r\nBáo cáo của Liên Hợp Quốc hồi tháng 3 cho thấy Triều Tiên có những biện pháp hết sức tinh vi để đưa con tàu hoạt động khắp thế giới, trong đó có việc làm giả hoàn toàn từ giấy đăng kiểm và các tài liệu khác. \r\n\r\nHội đồng Bảo an Liên Hợp Quốc hồi năm 2017 từng thông qua nghị quyết trong đó cấm Triều Tiên xuất khẩu than.\r\n\r\nĐộng thái này đánh dấu sự gia tăng những áp lực của chính phủ Mỹ với Bình Nhưỡng, ngay cả khi Tổng thống Donald Trump có những phát biểu tích cực về nhà lãnh đạo Triều Tiên Kim Jong Un.\r\n\r\nTháng trước, một thẩm phán liên bang ở thủ đô Washington thông qua một loạt các giấy triệu tập, nhắm tới hồ sơ tài chính của các ngân hàng Trung Quốc, thứ có thể cho thấy chính quyền Triều Tiên đã làm như thế nào để lách qua các lệnh trừng phạt với chương trình hạt nhân của họ.\r\n\r\nCác nhà điều tra đang xem xét khả năng một tập đoàn có trụ sở ở Hong Kong đã giúp chính quyền Triều Tiên thoát khỏi các lệnh trừng phạt.\r\n\r\nGiá nhiên liệu ở Triều Tiên hiện vẫn chưa tăng đột biến, chứng tỏ chính quyền Bình Nhưỡng vẫn đang đối phó được với các biện pháp trừng phạt của Mỹ.', 3600, 1, 1, 1, 3, 'thanhtinh', '2019-05-06 00:00:00', 'Mỹ bắt giữ tàu than cỡ lớn của Triều Tiên vì vi phạm lệnh cấm vận', 'https://firebasestorage.googleapis.com/v0/b/flashfood-ce894.appspot.com/o/p_7_thumb.jpg?alt=media&token=3df28e67-0022-485a-8991-06ff1dae841e', 'Lực lượng chức năng Mỹ bắt giữ tàu hàng được Triều Tiên sử dụng để bán than, hành động vi phạm lệnh cấm vận quốc tế đối với Bình Nhưỡng.', NULL, '2019-06-05 17:25:18', '2019-06-05 17:25:18');
INSERT INTO `posts` VALUES (8, 'https://firebasestorage.googleapis.com/v0/b/flashfood-ce894.appspot.com/o/p_8_ava.jpg?alt=media&token=1096881c-49d2-4141-b476-ba4a7faa416d', 'Sau cuộc lội ngược dòng không tưởng trước Barcelona của thiên tài Lionel Messi trên sân Anfield, Liverpool lọt vào trận chung kết Champions League năm thứ hai liên tiếp. Tương tự, Tottenham Hotspur cũng đã loại Ajax Amsterdam sau một trận đấu điên rồ ở sân Johan Cruijff Arena. \r\nVới kết quả này, chắc chắn Liverpool và Tottenham sẽ có trong tay những khoản thưởng rất đậm. Theo báo Mirror, tổng số tiền UEFA phân chia cho các câu lạc bộ dự Champions League mùa giải 2018/2019 tăng 54% so với mùa giải trước, lên đến 1,950 tỷ Euro (2,19 tỷ USD). \r\nUEFA cho biết mỗi CLB lọt vào vòng bảng Champions League được lĩnh 15,25 triệu Euro (17,1 triệu USD). Tiền thưởng cho mỗi trận thắng ở vòng bảng là 2,7 triệu Euro (3,03 triệu USD), mỗi trận hòa là 900.00 Euro (1,01 triệu USD). \r\n\r\nVượt qua vòng bảng, một CLB nhận 9,5 triệu Euro (10,6 triệu USD). Lọt vào tứ kết, đội bóng được thưởng thêm 10,5 triệu Euro (11,78 triệu USD). Số tiền thưởng lọt vào bán kết là 12 triệu Euro (13,47 triệu USD) còn tiền thưởng lọt vào chung kết là 15 triệu Euro (16,48 triệu USD). \r\n\r\nĐội chiến thắng trong trận chung kết Champions League nhận thêm 4 triệu Euro (4,49 triệu USD). Theo tính toán sơ bộ, Liverpool đã kiếm được tổng cộng 107 triệu Euro (120 triệu USD) nhờ lọt vào trận chung kết Champions League mùa giải 2018/2019. \r\nCon số này cao hơn hẳn mức 81 triệu Euro (90,97 triệu USD) đội bóng thành phố cảng Liverpool nhận được hồi năm ngoái. Nếu chiến thắng trong trận chung kết ở Madrid, Liverpool sẽ nhận tổng cộng 111 triệu Euro (124,6 triệu USD). \r\n\r\nKém hơn Liverpool một chút, nhưng Tottenham cũng thắng đậm về phương diện tài chính. Lọt vào chung kết, đội bóng thành London nhận 102 triệu Euro (114,5 triệu USD), vượt rất xa mức 61 triệu Euro (76,3 triệu USD) hồi năm ngoái. Nếu đánh bại Liverpool, Tottenham sẽ hưởng tổng cộng 106 triệu Euro (119 triệu USD). ', 5680, 1, 1, 4, 3, 'trieu123', '2019-05-10 00:00:00', 'Vào chung kết Champions League, Liverpool và Tottenham lĩnh thưởng đậm', 'https://firebasestorage.googleapis.com/v0/b/flashfood-ce894.appspot.com/o/p_8_thumb.jpg?alt=media&token=a1e86688-c096-4949-a2c9-e3482d3bf34c', 'Xuất sắc lọt vào đến trận chung kết Champions League mùa giải 2018/2019, hai đội bóng Anh Liverpool và Tottenham Hotspur nhận khoản tiền thưởng lên tới hơn 100 triệu USD.', NULL, '2019-06-05 17:25:18', '2019-06-05 17:25:18');
INSERT INTO `posts` VALUES (9, 'https://firebasestorage.googleapis.com/v0/b/flashfood-ce894.appspot.com/o/p_9_ava.JPG?alt=media&token=c4fe883c-6f99-407d-96a5-fc40ae05c1bb', 'Mai Kỳ Hân (sinh năm 1995) là mẫu lookbook nổi tiếng trong giới trẻ Sài Thành. Cô sở hữu chiều cao 1,57m cùng gương mặt tròn bầu bĩnh, gò má cao, đôi mắt to long lanh và thần thái như mẫu chuyên nghiệp. Hiện trang cá nhân của 9X có hơn 84.000 lượt theo dõi.\r\nSo với dàn mẫu ảnh phải đóng khung vào một phong cách duy nhất, Hân lại thử sức với nhiều hình ảnh khác nhau, từ sporty chic, nữ tính, sang trọng hay cá tính phá cách. Cô từng chia sẻ mình ăn mặc rất ngẫu hứng và đa dạng. Ngoài ra, khi so sánh với những cô nàng chân dài khác, 9X lại thấy chiều cao của mình đã đủ dùng.  \"Nếu được cao thêm và có duyên thì Hân sẽ thử catwalk. Còn trẻ mà, nếu có cơ hội thì cứ \'tới\' thôi. Nhưng giờ đã đủ xài rồi\", cô hài hước nói.\r\nHiện tại, Kỳ Hân đang hạnh phúc bên bạn trai Long Trần. Tháng 8/2018, cả hai rời Sài Gòn, lên Đà Lạt sinh sống, mở homestay và tiệm cà phê. 9X từng chia sẻ với Zing.vn: \"Hai đứa thích Đà Lạt lắm. Ngày trước cứ xong việc lại rủ nhau lên đây chơi. Giờ thích nên ở lại đây luôn\". ', 9000, 1, 1, 11, 3, 'thanhtinh', '2019-05-09 00:00:00', 'Dàn hot girl nấm lùn: Không gợi cảm quyến rũ cũng ngọt ngào đáng yêu', 'https://firebasestorage.googleapis.com/v0/b/flashfood-ce894.appspot.com/o/p_9_thumb.jpg?alt=media&token=80db349a-5840-460a-b588-9787164844cc', 'Những cô nàng này sở hữu cho mình phong cách riêng. Điểm chung của họ là có chiều cao khiêm tốn và được nhiều người ưu ái đặt cho biệt danh \"hot girl nấm lùn\".', NULL, '2019-06-05 17:25:18', '2019-06-05 17:25:18');
INSERT INTO `posts` VALUES (10, 'https://firebasestorage.googleapis.com/v0/b/flashfood-ce894.appspot.com/o/p_10_ava.jpg?alt=media&token=9370368c-1c42-40bc-a581-94106c07e5cc', 'Nguyễn Huy Phúc ghi dấu ấn trong lòng nhiều người theo dõi cuộc thi hùng biện Socrates 2019 do ĐH Luật Hà Nội tổ chức gần đây.\r\n\r\nTại đêm chung kết, nam sinh nhiều lần khiến hội trường đồng loạt vỗ tay với phong cách diễn thuyết tự tin, ngôn từ sắc sảo, tư duy mạch lạc và nhấn nhá đầy cảm xúc.\r\n\r\nKhi tranh biện về chủ đề \"Công khai danh tính thí sinh gian lận điểm thi THPT quốc gia\" hay chia sẻ quan điểm cá nhân về \"Một ngày vắng luật\", Huy Phúc đều thuyết phục được ban giám khảo và khán giả. \r\n\r\nNhờ đó, cậu vượt qua 7 ứng cử viên khác để trở thành quán quân cuộc thi năm nay.\r\n\'Cây hùng biện\' của ĐH Luật Hà Nội\r\nNhiều người khâm phục Huy Phúc ở sự ham học hỏi cùng quyết tâm khi biết năm 2018, cậu từng tham gia Socrates 2018 và dừng chân ở top 8.\r\n\r\nĐộng lực để nam sinh một lần nữa đặt bút đăng ký tham gia cuộc thi là lời hứa với một cô giáo làm cố vấn chuyên môn. Bên cạnh đó, 9X tự nhủ khi đặt ra mục tiêu nào đó, cậu muốn thực hiện được.\r\n\r\nSau một năm tích lũy kiến thức, kinh nghiệm, chuẩn bị về kỹ năng và cách tư duy, Huy Phúc tự tin thể hiện những gì bản thân đang có. Giải cao nhất là \"quả ngọt\" cho nỗ lực của 9X.\r\n\r\n\"Đến giờ, mình vẫn thấy vui, hào hứng, đồng thời cũng lo lắng về trách nhiệm khi giành danh hiệu quán quân. Bởi từ nay, hình ảnh, tiếng nói của mình phần nào có tác động đến các bạn sinh viên khác trong trường. Mình tự nhủ phải cố gắng nói đi đôi với làm\", Phúc chia sẻ với Zing.vn.\r\nKhông phải tới khi trở thành quán quân Socrates 2019 Huy Phúc mới được chú ý ở trường. Trước đó, nam sinh năm 3 khoa Pháp luật Kinh tế, ĐH Luật Hà Nội đã sở hữu bảng thành tích ấn tượng.\r\n\r\nPhúc đảm nhận vị trí chủ tịch CLB Tranh biện Veritas của ĐH Luật Hà Nội, quán quân cuộc thi Diễn án 2017 Cerca Trova Mock Trial Contest, quán quân cuộc thi Challenge Of Law 2018, quán quân cuộc thi Trí tuệ đỉnh cao The Olympus 2018, giải nhì cuộc thi Sinh viên nghiên cứu khoa học ĐH Luật Hà Nội 2018, giải ba Hội nghị sinh viên nghiên cứu khoa học về Sở Hữu trí tuệ năm 2018 của Bộ Khoa học và Công nghệ, Break Adjudicator tại Giải vô địch tranh biện Quốc gia 2018...\r\n\r\nBên cạnh đó, cậu còn làm huấn luyện viên, giám khảo cho một số cuộc thi tranh biện trong và ngoài trường đại học.\r\n\r\nNhờ thành tích cùng kinh nghiệm dày dặn tại các cuộc thi diễn thuyết, Huy Phúc được mệnh danh là \"cây hùng biện\" của ĐH Luật Hà Nội.\r\nTự tập nói trước gương, xem tổng thống Mỹ thuyết trình để học hỏi\r\nKhi được hỏi bí quyết để tự tin diễn thuyết trước đông người, Huy Phúc nói cậu không có cách gì đặc biệt.\r\n\r\nTheo quán quân Socrates 2019, người thuyết trình phải hiểu về vấn đề mình sẽ nói và phải tin tưởng bản thân thì mới đủ sức thuyết phục người đối diện. \r\nỞ nhà, Phúc thường tự đứng trước gương thuyết trình, dạy cháu học, thuyết phục chị gái cho đi chơi hay mua món đồ nào đó. Với cậu, luyện nói từ những người gần gũi và điều nhỏ nhặt nhất là cách làm đơn giản, hiệu quả.\r\n\r\nBên cạnh đó, nam sinh trường Luật thích lắng nghe câu chuyện của mọi người và cố gắng dùng lý lẽ, tình cảm nói sao cho họ cũng thích nghe mình trình bày.\r\n\r\nMôi trường rèn luyện đối với Phúc cũng rất quan trọng. Với tư cách chủ tịch CLB tranh biện của trường, cậu cùng các thành viên tạo cho nhau môi trường mà các cá nhân được nói lên điều mình nghĩ, tư duy, không sợ bị phán xét.\r\n\r\nHuy Phúc thích xem phần diễn thuyết của các chính khách như ông Barack Obama, Tổng thống Mỹ Donald Trump. Từ những người có phong cách thuyết trình khác biệt, cậu sẽ tổng hợp lại để học hỏi những cái hay của họ, đồng thời hạn chế cái không phù hợp với mình.\r\n\r\n\"Mình chỉ muốn được mọi người biết đến là Huy Phúc. Họ quan tâm Huy Phúc thực sự có gì, khả năng của Huy Phúc tới đâu, chứ không phải những thành tích mình đã đạt được. Mình cũng mong những người có tiếng nói và sức ảnh hưởng hãy dùng những điều đó để tác động lên những giá trị tích cực cho xã hội\", chàng trai 20 tuổi nói.', 4600, 1, 1, 25, 3, 'trieu123', '2019-05-09 00:00:00', '9X Nghệ An học gì từ tổng thống Mỹ để trở thành quán quân hùng biện?', 'https://firebasestorage.googleapis.com/v0/b/flashfood-ce894.appspot.com/o/p_10_thumb.jpg?alt=media&token=d680ac58-08b0-4a73-83fa-3776f3ae699c', 'Nguyễn Huy Phúc (20 tuổi, quê Nghệ An) là gương mặt nổi bật tại ĐH Luật Hà Nội. Nam sinh mới đây có chiến thắng thuyết phục khi tham gia cuộc thi hùng biện \"Socrates 2019\".', NULL, '2019-06-05 17:25:18', '2019-06-05 17:25:18');
INSERT INTO `posts` VALUES (11, 'https://firebasestorage.googleapis.com/v0/b/flashfood-ce894.appspot.com/o/p_11_ava.jpg?alt=media&token=0615b5f0-743c-45a4-bb11-4fbb53e1c4f2', 'Tối ngày 9/5, toàn bộ các kênh truyền thông của Nhật Cường Mobile gồm fanpage Facebook và website đều không thể truy cập được. Cùng ngày, hàng chục cảnh sát của Bộ Công an xuất hiện tại nhiều cửa hàng điện thoại Nhật Cường Mobile tại Hà Nộ để khám xét.\r\n\r\nHai website chính kinh doanh thiết bị của Nhật Cường Mobile gồm nhatcuong.com.vn và dienthoaididong.com đều không thể truy cập bình thường. Tuy vậy, trang web và tài khoản mạng xã hội của Nhật Cường Software, mảng dịch vụ công nghệ của công ty vẫn hoạt động.\r\nBên cạnh đó, trang Facebook Nhật Cường Mobile với hơn 400.000 lượt theo dõi cũng tạm đóng từ tối ngày 9/5.\r\n\r\nTrong sáng 9/5, sau khi thông tin Nhật Cường Mobile bị khám xét, toàn bộ đường dây nóng của chuỗi cửa hàng này đều tạm khóa.\r\n\r\nViệc mất liên lạc với toàn bộ kênh truyền thông của Nhật Cường khiến nhiều khách hàng không khỏi lo lắng.\r\n\r\n\"Tôi thực sự rất hoang mang\", chị Hà Phương (Hà Nội) chia sẻ. Chị cho biết gia đình đã mua khá nhiều thiết bị điện tử tại hệ thống này. Chị cũng băn khoăn nếu trường hợp máy móc phát sinh hỏng hóc, việc bảo dưỡng, bảo hành sản phẩm sẽ ra sao.\r\n\r\n\"Tôi còn mua một vài gói hậu mãi ở đây nữa, nếu công ty có vấn đề gì thì khách hàng có được hoàn tiền những dịch vụ chưa sử dụng không?\", chị nêu câu hỏi.\r\n\r\nTheo nguồn tin ban đầu từ VTV, công ty Nhật Cường đang bị điều tra về hành vi có dấu hiệu buôn lậu.\r\n\r\nKênh liên lạc duy nhất còn tìm kiếm được trên Facebook là dịch vụ chuyên sửa chữa của đơn vị này.\r\nCông ty TNHH Thương mại và Dịch vụ kỹ thuật Nhật Cường được thành lập năm 2001. Năm 2017, doanh nghiệp nằm trong danh sách 50 công ty về công nghệ thông tin lớn nhất Việt Nam.\r\n\r\nNhật Cường có 9 cửa hàng phân bố khắp Hà Nội. Giấy phép kinh doanh của doanh nghiệp do Sở Kế hoạch và Đầu tư Hà Nội cấp ngày 20/6/2001.\r\n\r\nNgười đại diện pháp luật là ông Bùi Quang Huy, ngành nghề kinh doanh chính là bán buôn thiết bị và linh kiện điện tử, viễn thông.', 2300, 1, 0, 6, 3, 'thanhtinh', '2019-05-07 00:00:00', 'Các kênh của Nhật Cường Mobile biến mất trên Internet', 'https://firebasestorage.googleapis.com/v0/b/flashfood-ce894.appspot.com/o/p_11_thumb.jpg?alt=media&token=fe4eea2c-d9a4-472e-b700-6f95f83eadf0', 'Sau khi nhiều cửa hàng bị khám xét, công ty Nhật Cường đã đóng toàn bộ trang web, mạng xã hội liên quan đến mảng kinh doanh thiết bị.', NULL, '2019-06-06 00:11:28', '2019-06-06 00:11:28');
INSERT INTO `posts` VALUES (12, 'https://firebasestorage.googleapis.com/v0/b/flashfood-ce894.appspot.com/o/p_12_ava.jpg?alt=media&token=408987a6-ca05-44f3-9641-a0acfd0f0bd4', 'Sau những báo cáo về lỗi xuất hiện trên một số mẫu Galaxy Fold bản thử nghiệm, Samsung đã hoãn ra mắt thiết bị này trong tháng 4. Nhiều khả năng, ngày 10/5 là thời điểm hãng công nghệ Hàn Quốc chính thức công bố kế hoạch mới cho smartphone màn hình gập đầu tiên của mình.\r\n\r\nPhát biểu trên tờ Korea Herald hôm 9/5, CEO Dong-jin Koh (hay còn gọi là DJ Koh) cho biết Samsung \"đã xem xét lỗi do các chất (xâm nhập vào thiết bị) và chúng tôi sẽ đưa ra kết luận (về việc ra mắt) vào hôm nay hoặc ngày mai\".\r\nKhi được hỏi liệu Galaxy Fold có kịp ra mắt trong tháng 5 hay không, ông Dong-jin Koh trả lời rằng: \"Chúng tôi sẽ không để quá muộn\". Nếu không kịp tung ra sản phẩm trước ngày 31/5, Samsung sẽ buộc phải hủy đơn hàng.\r\n\r\nVào ngày 7/5, Reuters dẫn nguồn tin chính thức từ Samsung cho biết chưa thể xác nhận có kịp giao Galaxy Fold cho khách hàng tại Mỹ vào ngày 31/5 hay không. Công ty gửi lời xin lỗi đến khách hàng và thông báo đơn hàng sẽ tự động hủy nếu không ra mắt đúng hẹn. Trước đó, người dùng Mỹ có thể đặt mua smartphone màn hình gập này từ ngày 15/4 với giá lên đến 1.980 USD.\r\n\r\nSamsung đã lên kế hoạch ra mắt Galaxy Fold vào ngày 26/4. Tuy nhiên, chỉ ít ngày trước khi diễn ra sự kiện, các phóng viên và reviewer đã phát hiện ra sự cố về màn hình. Lỗi trong thiết kế khiến cho bụi dễ dàng lọt vào khoảng hở giữa 2 phần màn hình, dẫn đến phồng, thậm chí là chảy mực.\r\n\r\nÔng Dong-jin Koh cho biết hãng đã hoàn thành thử nghiệm nội bộ trên những nguyên mẫu bị lỗi và đã có những thay đổi trong sản xuất để ngăn ngừa sự cố xảy ra. Galaxy Fold sẽ tiếp tục được gia tăng độ bền bản lề, giảm khoảng trống giữa giữa khung và lớp phủ bảo vệ để ngăn bụi bẩn xâm nhập.', 6700, 1, 1, 6, 3, 'trieu123', '2019-05-09 00:00:00', 'Ngày mai, Samsung sẽ định đoạt \'số phận\' của Galaxy Fold', 'https://firebasestorage.googleapis.com/v0/b/flashfood-ce894.appspot.com/o/p_12_thumb.jpg?alt=media&token=226702e6-9434-4b32-939c-56046ab4c1c7', 'Samsung sẽ công bố thông tin chi tiết về tương lai của smartphone màn hình gập Galaxy Fold vào ngày 10/5.', NULL, '2019-06-05 17:25:18', '2019-06-05 17:25:18');
INSERT INTO `posts` VALUES (13, 'https://firebasestorage.googleapis.com/v0/b/flashfood-ce894.appspot.com/o/p_13_ava.jpg?alt=media&token=8a062f40-5e62-405b-940d-8eff8429132c', '\"Tương lai sẽ được bảo mật\", Mark Zuckerberg tuyên bố tại hội nghị F8 tuần trước. Nhưng những động thái từ phía CEO Google, ông Sundar Pichai, cho thấy thông điệp của Google tại sự kiện I/O rõ ràng hơn nhiều: bảo mật ngay từ bây giờ.\r\nVấn đề bảo mật là chủ đề chính được nhắc tới tại hội nghị của cả hai ông lớn công nghệ. Tuy nhiên, trái ngược với những bản cập nhật hơi mơ hồ của Facebook, Google cho thấy họ đã sẵn sàng xuất xưởng các sản phẩm mới của mình. Điều này thể hiện rõ hơn sự đối lập trong chiến lược của hai công ty.\r\nTất cả mọi người đều muốn được bảo mật, tuy nhiên lời hứa và những gì nhận được lại vô cùng khác nhau. Người dùng xứng đáng được cải thiện chất lượng phần mềm và phần cứng để gia tăng trải nghiệm từ những dữ liệu mà họ cung cấp, chứ không phải để nhận các tiện ích bổ sung và quảng cáo mà chẳng ai yêu cầu.\r\n\r\nTại hội nghị F8 vào tuần trước, chúng ta được nghe từ Zuckerberg rằng \"quyền riêng tư cho chúng ta tự do là chính mình\" và Facebook đã làm tốt điều đó thông qua cách thức mà nó lưu trữ thông tin.\r\n\r\nTuy nhiên, ngoài việc Messenger và Instagram Direct được mã hóa, Facebook vẫn còn đang nợ người dùng rất nhiều tính năng mà công ty này đã công bố trước đó như: Xóa lịch sử truy cập ngoài (Clear History) hay dự án truyền tải dữ liệu (Data Transfer Project).\r\n\r\nTất cả những gì mà người dùng nhận được đó là câu đùa gượng gạo của Zuckerberg: \"Tôi biết hiện tại Facebook không có đủ uy tín để nói về quyền riêng tư\".\r\nTháng 3, Facebook thừa nhận hàng triệu mật khẩu của người dùng không được mã hóa. Tháng 4, người dùng lại được phen hoang mang khi biết tin Facebook tiếp tục dính vào khủng hoảng để lộ 1,5 triệu email. Trước đó, Facebook thừa nhận vào tháng 9/2018 rằng dữ liệu của 30 triệu tài khoản bị tin tặc đánh cắp.\r\n\r\n\"Tương lai là bảo mật\" vẫn còn là một lời hứa mơ hồ còn quá khứ đầy u ám của Facebook đã khiến dư luận mất lòng tin. Trong khi đó tại hội nghị I/O của Google, CEO Pichai cùng những bản thử nghiệm mới đã cho chúng ta thấy \"Google vẫn chưa hoàn tất những công việc liên quan đến vấn đề bảo mật. Và sẽ luôn tiếp tục để bắt kịp những kì vọng của người dùng\".\r\nGoogle đã từ bỏ việc sử dụng thông tin từ Gmail để định hướng quảng cáo, cũng như thay đổi việc cho phép bất kì nhà phát triển nào truy cập vào email cá nhân của người dùng. Mặc dù vẫn còn những bê bối được dư luận chú ý, những Google đã đối mặt trực diện với vấn đề và sữa chữa.\r\n\r\nTrong khi ông chủ Facebook còn mải mê đưa ra những tuyên bố của mình trên sân khấu, Google đã có những bản cập nhật âm thầm giúp cải thiện quyền riêng tư và bảo mật. Như việc cho phép thiết bị android trở thành một \"chìa khóa vật lý\" hay tính năng tự động xóa các hoạt động của người dùng trên web và ứng dụng sau từ 3 đến 18 tháng.', 7532, 1, 1, 6, 3, 'trieu123', '2019-05-01 00:00:00', 'Khi Facebook còn \'chém gió\', Google đã bắt tay vào làm', 'https://firebasestorage.googleapis.com/v0/b/flashfood-ce894.appspot.com/o/p_13_thumb.jpg?alt=media&token=d05c4c78-8c30-41c3-8155-d505ba5e3804', 'Android Q với hơn 50 tính năng bảo mật mới, khả năng xử lý dữ liệu ngay tại thiết bị hay các chế độ ẩn danh sắp ra mắt là câu trả lời của Google cho vấn đề bảo mật.', NULL, '2019-06-05 17:25:18', '2019-06-05 17:25:18');
INSERT INTO `posts` VALUES (14, 'https://firebasestorage.googleapis.com/v0/b/flashfood-ce894.appspot.com/o/p_14_ava.jpg?alt=media&token=09bd92f9-96b9-4704-9e9b-1cecc1f7d664', 'Sáng 9/5, hàng chục cảnh sát của Bộ Công an xuất hiện tại cửa hàng điện thoại Nhật Cường mobile ở 33 Lý Quốc Sư, Hoàn Kiếm, Hà Nội. Theo ghi nhận của Zing.vn, ngoài các xe biển trắng đỗ trước cửa hàng còn có xe của lực lượng CSCĐ (Công an Hà Nội). Sau khi khám xét, các thùng hàng được lên ôtô .\r\n\r\n12h45, khoảng 20 cảnh sát rời khỏi cửa hàng Nhật Cường Mobile ở 33 Lý Quốc Sư. Lúc này, cửa hàng đóng cửa, tắt đèn, ngừng giao dịch.\r\nTại cơ sở ở phố Giảng Võ, từ 10h, cảnh sát cũng khám ở đây. Đến gần 13h, một nhóm cảnh sát vẫn làm việc bên trong. Nhân viên cửa hàng cũng có mặt tại đây.\r\n\r\nCác nhân viên quán ăn bên cạnh cho biết từ 9h, cửa hàng đã đóng cửa, không mở như ngày thường.\r\n\r\nSau khi cảnh sát rời đi, một nữ nhân viên cho biết cửa hàng C4 Giảng Võ sẽ tiếp tục làm việc bình thường từ chiều 9/5. Các nhân viên từ chối trả lời khi phóng viên hỏi cảnh sát thu giữ những gì.\r\n\r\nTại cơ sở 214 Nguyễn Văn Cừ (Long Biên), theo người dân khoảng 12h lực lượng cảnh sát khám xét, đến 13h10 rời khỏi cửa hàng và thu giữ một số thùng hàng. Cửa hàng vẫn mở cửa sắt nhưng khóa cửa kính, bên trong còn một vài nhân viên bảo vệ.\r\n\r\nCũng trong sáng nay, cảnh sát còn khám xét nhiều cửa hàng khác trong hệ thống của Công ty TNHH Thương mại & Dịch vụ kỹ thuật Nhật Cường.\r\nCông ty TNHH Thương mại và Dịch vụ kỹ thuật Nhật Cường được thành lập năm 2001. Năm 2017, doanh nghiệp nằm trong danh sách 50 công ty về công nghệ thông tin lớn nhất Việt Nam.\r\n\r\nNhật Cường có 9 cửa hàng phân bổ khắp Hà Nội. Giấy phép kinh doanh của doanh nghiệp do Sở Kế hoạch và Đầu tư Hà Nội cấp ngày 20/6/2001.\r\n\r\nNgười đại diện pháp luật là ông Bùi Quang Huy, ngành nghề kinh doanh chính là bán buôn thiết bị và linh kiện điện tử, viễn thông.', 2600, 1, 1, 7, 3, 'thanhtinh', '2019-05-09 00:00:00', 'Bộ Công an khám xét đồng loạt hệ thống cửa hàng Nhật Cường Mobile', 'https://firebasestorage.googleapis.com/v0/b/flashfood-ce894.appspot.com/o/p_14_thumb.jpg?alt=media&token=80753992-8449-49ba-904f-6e6db42c2a16', 'Sáng nay, nhiều cửa hàng của Nhật Cường Mobile ở các phố Chùa Bộc, Xuân Thủy, Láng Hạ, Giảng Võ (Hà Nội) bất ngờ đóng cửa. Hàng chục cảnh sát xuất hiện thực hiện khám xét.', NULL, '2019-06-05 17:25:18', '2019-06-05 17:25:18');
INSERT INTO `posts` VALUES (15, 'https://firebasestorage.googleapis.com/v0/b/flashfood-ce894.appspot.com/o/p_15_ava.jpeg?alt=media&token=00340513-5e2f-4e57-8293-db410aec03fc', 'Trong mỗi mùa giải, các CĐV Arsenal luôn có một ngày lễ đặc biệt, đó là St. Totteringham\'s Day, ngày mà các Gooners mở tiệc, ăn mừng khi đội bóng của họ chính thức xếp trên đại kình địch Tottenham Hotspurs trên bảng xếp hạng sau khi mùa giải khép lại. \r\n\r\nThế nhưng, trong 2 mùa bóng gần nhất, bữa tiệc này đã không còn xuất hiện. Tottenham đang có những bước tiến vượt bậc để qua mặt Arsenal, trở thành thế lực mới không chỉ tại London, mà trên toàn châu Âu.\r\n2019 gần như chắc chắn sẽ là năm thứ 3 liên tiếp St. Totteringham\'s Day không thể diễn ra. Arsenal càng cay đắng hơn khi giờ đây, họ còn phải nhìn đại kình địch có cơ hội lên ngôi tại giải đấu danh giá nhất châu Âu cấp câu lạc bộ sau 90 phút kiên cường trước Ajax Amsterdam.\r\nTrong quá khứ, \"Pháo thủ\" nổi tiếng với truyền thống phát hiện và đào tạo ra nhiều cái tên tài năng của làng bóng đá thế giới. Từ thế hệ của Tony Adams tới những Jack Wilshere, Arsenal chưa bao giờ là một đội bóng thiếu đi những \"mầm non\" chất lượng. \r\n\r\nThậm chí, cả những cái tên không xuất thân từ lò đào tạo đội bóng như Thierry Henry, Patrick Vieira, Kolo Toure đều chỉ là những cầu thủ trẻ, ít tên tuổi trước khi được đội bóng phát hiện và nâng tầm để trở thành những huyền thoại vĩ đại trong lịch sử đội bóng. \r\nSau khi xây sân Emirates, do hoàn cảnh tài chính khó khăn, Arsenal buộc phải \"thắt lưng buộc bụng\" và sử dụng đội hình gồm nhiều cầu thủ trẻ. Thời điểm đó, họ bị gọi với cái tên mỉa mai là \"Những đứa trẻ nhà Wenger\".\r\n\r\nNhững đứa trẻ đó trải qua 9 năm trời ròng rã không một chức vô địch, những đứa trẻ đó có thể đưa người hâm mộ lên mây xanh với những màn trình diễn nức lòng nhưng ngay lập tức cũng có thể kéo họ xuống tận cùng của sự thất vọng. \r\n\r\nMột Arsenal không có ngôi sao, một Arsenal không có danh hiệu, một Arsenal ngây thơ và khó hiểu...\r\n\r\nThế nhưng, đội bóng này lại chẳng bao giờ thiếu đi sự ủng hộ từ phía người hâm mộ. Chính sự \"ngây thơ\" trong lối chơi, chính những cái tên trưởng thành từ lò đào tạo đội bóng đã trở thành thỏi nam châm hút người hâm mộ tới sân Emirates mỗi dịp cuối tuần. ', 7800, 1, 1, 3, 3, 'thanhtinh', '2019-05-09 00:00:00', 'Nhìn Tottenham thành công, Arsenal có cảm thấy xấu hổ?', 'https://firebasestorage.googleapis.com/v0/b/flashfood-ce894.appspot.com/o/p_15_thumb.jpg?alt=media&token=c2ac65bd-1d35-40ec-8e2b-170045093f6a', 'Tottenham Hotspurs, đội bóng luôn là trò cười cho các CĐV Arsenal sau mỗi mùa giải vừa có màn lật đổ ngoạn mục để lọt tới chung kết Champions League. Còn Arsenal, họ đang ở đâu?', NULL, '2019-06-05 17:25:18', '2019-06-05 17:25:18');
INSERT INTO `posts` VALUES (16, 'https://firebasestorage.googleapis.com/v0/b/flashfood-ce894.appspot.com/o/p_16_ava.jpg?alt=media&token=ee94d023-897c-4a45-b0d0-0d403aa17ac7', 'Trả lời Sky Sport Italy, Giám đốc điều hành của Ajax, Edwin Van der Sar khẳng định mùa giải chưa kết thúc với Ajax dù bị loại khỏi Champions League. Đội bóng Hà Lan vẫn còn 2 trận đấu tại giải VĐQG Hà Lan để quyết định chức vô địch.\r\n\r\n\"Tôi nghĩ đó sẽ là những trận cuối cùng của De Ligt trong màu áo Ajax. Tôi mong cậu ấy sẽ ngẩng cao đầu rời Ajax. De Ligt đã ở đây từ khi còn là một đứa trẻ và sẽ chơi cho một CLB lớn. Tôi nghĩ cậu ấy sẽ tới Anh hoặc Tây Ban Nha\", Van der Sar nói.\r\nTheo báo chí châu Âu, bến đỗ tiềm năng nhất của De Ligt là Barcelona. CLB Tây Ban Nha đã sớm chiêu mộ người đồng đội thân thiết của De Ligt là tiền vệ Frenkie De Jong. \r\n\r\nTuy nhiên, Liverpool cũng đang dần trở thành một trong những đội có lợi thế sở hữu De Ligt. Huyền thoại Ajax, Ronald De Boer thừa nhận với Balls.ie rằng Liverpool rất muốn có De Ligt.\r\n\r\nViệc đội trưởng ĐT Hà Lan, Virgil Van Dijk đang thi đấu cho Liverpool khiến đây trở thành bến đỗ hấp dẫn của De Ligt. Mức giá của De Ligt theo Transfermarkt đang là 63 triệu bảng.\r\n\r\nSau khi bị Tottenham loại khỏi Champions League, Ajax vẫn còn giải VĐQG Hà Lan để phấn đấu. Đội bóng của De Ligt đang đứng đầu BXH với 80 điểm, bằng điểm đội đứng nhì là PSV Eindhoven nhưng có hiệu số tốt hơn.\r\n\r\nHai trận đấu cuối cùng của Ajax là trước FC Utrecht trên sân nhà và De Graafschap trên sân khách. Ajax đã 5 năm không vô địch Hà Lan.', 5623, 1, 1, 3, 3, 'trieu123', '2019-05-10 00:00:00', 'Van der Sar tiết lộ bến đỗ mới của đội trưởng Ajax', 'https://firebasestorage.googleapis.com/v0/b/flashfood-ce894.appspot.com/o/p_16_thumb.jpg?alt=media&token=dcb20405-2977-48e5-808a-309c1caf8c50', 'Tương lai của Matthijs De Ligt đã được quyết định ngay sau khi Ajax bị Tottenham loại cay đắng khỏi bán kết UEFA Champions League.', NULL, '2019-06-05 17:25:18', '2019-06-05 17:25:18');
INSERT INTO `posts` VALUES (17, 'https://firebasestorage.googleapis.com/v0/b/flashfood-ce894.appspot.com/o/p_17_ava.jpg?alt=media&token=32076b3e-c6f6-4fdf-bdf5-0ca5b0daf46a', 'Avengers: Endgame là bom tấn thay đổi cục diện tương lai của vũ trụ điện ảnh Marvel. Iron Man và Black Widow hi sinh. Captain America nghỉ hưu và trao chiếc khiên biểu tượng của Đại úy Mỹ cho Falcon. Thor lưu lạc vũ trụ cùng Đội Vệ binh dải ngân hà. Số phận của hầu hết siêu anh hùng cốt cán của biệt đội Avengers đã rõ. Nhưng còn Bruce Banner/Hulk, tương lai của anh sẽ ra sao hậu trận chiến sinh tử trong Endgame?\r\n\r\nHulk là người đã mạo hiểm mạng sống của mình để búng tay, hồi sinh một nửa sinh linh vũ trụ. Sau khi du hành thời gian thành công, đội Avengers đã thu thập đủ 6 viên đá Vô cực. Họ cần một siêu anh hùng đủ khỏe để chịu đựng được sức mạnh siêu cường của 6 viên đá, khi chúng được đặt trên phiên bản Găng tay Vô cực do Tony Stark chế tạo.\r\n\r\nTrong khi Thor chìm đắm trong nỗi mặc cảm và đau buồn, Hulk đã thay anh đảm nhận nhiệm vụ nguy hiểm này. Anh búng tay thành công. Đổi lại, sức mạnh của 6 viên đá đã hủy hoại gần như toàn bộ một cánh tay của Người khổng lồ xanh.\r\nTheo tờ Cinema Blend, bộ đôi đạo diễn nhà Russo vừa xác nhận một sự thật đau lòng về vết thương của Hulk: “Anh ấy đã mất đi một cánh tay, mất đi Natasha Romanoff (Black Widow), không gì có thể cứu vãn được. Anh ấy đã tự tổn thương mình. Vết thương đó có thể sẽ kéo dài vĩnh viễn, giống như vết thương mà Thanos phải chịu đựng suốt quãng thời gian còn lại sau cú búng tay trong Infinity War”.\r\n\r\nAnh em nhà Russo nhấn mạnh rằng rất khó để có thể chữa lành vết thương cho Hulk. Nếu người hâm mộ chú ý kỹ, họ có thể thấy cánh tay của anh gầy hơn và sẫm màu hơn sau khi hoàn thành nhiệm vụ trên. Vì vậy, sức mạnh của Người khổng lồ xanh sẽ không còn được như trước.\r\n\r\nHulk là một trong những siêu anh hùng của biệt đội Avengers cũ còn đứng vững sau trận chiến cuối với Thanos. Vì vậy, người hâm mộ hi vọng anh sẽ là nhân vật chủ chốt trong Giai đoạn 4 của MCU. Nhưng nếu hành trình của Hulk tiếp tục thì có lẽ, anh vẫn sẽ phải mang thương tật đó suốt đời.\r\nTuy nhiên, đạo diễn Joe Russo cũng mở ra một tia hi vọng về tương lai của Hulk. Chia sẻ với trang ComicBook, ông cho biết khái niệm “vĩnh viễn” trong vũ trụ điện ảnh Marvel chỉ mang tính tương đối. Rất có thể, trong một thế giới phép thuật với khoa học tiên tiến nào đó, vết thương của Hulk sẽ được cải thiện. Tất nhiên, quá trình chữa trị sẽ rất phức tạp, không đơn thuần chỉ là băng bó và bôi thuốc như chúng ta vẫn thường làm. Vết thương thể xác có thể được chữa lành nhưng những tổn thất về sức mạnh và tinh thần sẽ không thể biến mất hoàn toàn.\r\n\r\n“Sẽ có ai đó giúp Hulk chữa trị vết thương. Hoặc sẽ có ai đó trao cho anh ấy một cánh tay mới. Tôi chưa có ý tưởng gì về nơi và người sẽ mang đến phép màu cho Hulk. Chúng tôi chưa cần chú ý đến chuyện sự việc sẽ đi đến đâu. Chúng tôi chỉ đang cố gắng mang đến một kết cục thỏa đáng nhất”, đạo diễn Joe Russo bổ sung thêm.\r\n\r\nÔng đang cố gắng tạo ra mối liên hệ giữa cánh tay bị thương của Hulk và sự hi sinh của Black Widow. Cả hai có cùng điểm chung, đó là đều để lại nỗi đau khó nguôi ngoai. Một bên để lại nỗi đau về thể xác. Một bên để lại nỗi đau về tinh thần. Mặc dù mối quan hệ với Bruce Banner và Natasha Romanoff chưa bao giờ được khai thác sâu trong suốt chặng đường 11 năm của Marvel nhưng rõ ràng, họ có tình cảm. Và Hulk sẽ phải đối mặt với nỗi đau mất đi một người quan trọng và với tương lai không có “Góa phụ đen”.\r\n\r\nTương lai của Hulk trong các giai đoạn tiếp theo của MCU vẫn là câu hỏi lớn chưa có lời giải.', 9120, 1, 1, 1, 3, 'thanhtinh', '2019-05-10 00:00:00', 'Sự thật đau lòng về vết thương của Hulk trong ‘Avengers: Endgame’', 'https://firebasestorage.googleapis.com/v0/b/flashfood-ce894.appspot.com/o/p_17_thumb.jpeg?alt=media&token=6dbaaeb4-1e53-4bf3-8d38-1d49d8d3cd50', 'Bộ đôi đạo diễn nhà Russo đã lý giải về những mất mát mà Hulk phải chịu đựng sau trận chiến cuối cùng với Thanos trong “Endgame”.', NULL, '2019-06-05 17:25:18', '2019-06-05 17:25:18');
INSERT INTO `posts` VALUES (18, 'https://firebasestorage.googleapis.com/v0/b/flashfood-ce894.appspot.com/o/p_18_ava.jpg?alt=media&token=4c7bf68c-4c45-469e-9037-a130f3cd1d51', 'Mê cung đang là phim truyền hình được quan tâm nhất trên sóng VTV. Sau 5 tập phát sóng phim nhận được nhiều bán tàn trên mạng xã hội nhờ nhiều tình huống hấp dẫn. Thủ phạm đằng sau nhiều án mạng liên tiếp vẫn chưa được hé lộ. Fedora, Long Nhật hay gã bác sĩ tâm lý mới là thủ phạm, hiện vẫn là thắc mắc của nhiều người.\r\nMột trong những diễn biến đáng chú ý của tập 5 vừa phát sóng tối 8/5 là Nhật (Doãn Quốc Đam) - gã giám đốc đầy bí ẩn đã có luật sư riêng. Mẹ của Nhật đã nhanh chóng thuê hẳn một vị luật sư để bảo vệ cho con trai mình. Vị luật sư này lại là Đông Hòa (Việt Anh) - anh trai của Lam Anh (Hoàng Thùy Linh) cũng là bạn thân của đội trưởng Khánh (Hồng Đăng).\r\n\r\nMặc dù đã được Đông Hòa cho biết khung hình phạt mà Nhật có thể nhận là từ chung thân đến tử hình, tuy nhiên gã sát nhân vẫn nhất quyết cho rằng mình vô tội. Thậm chí khi vị luật sư đưa cho gã bức ảnh về Fedora, Nhật hét lên rằng: \"Đừng hỏi tôi về thằng điên này nữa. Suốt ngày. Không biết\".\r\n\r\nNhật vẫn không ngừng ngoan cố cho đến khi Đông Hòa cho biết chỉ cần anh xác chứng minh Nhật bị tâm thần phân liệt thì \"chúng ta sẽ thắng vụ này\", Nhật mới bắt đầu \"dịu\" lại.\r\nBan đầu, Nhật vẫn khăng khăng cho rằng mình vô tội, nhưng cuối cùng hắn cũng đã thú nhận hành vi giết người của mình. Điều này khiến Khánh càng nghi ngờ việc Nhật nhận tội là do Đông Hòa xúi.\r\n\r\nVụ án đi đến diễn biến Long Nhật giết người chỉ vì bị tâm thần không kiểm soát, hoàn toàn không cố ý và có thể không phải chịu trách nhiệm trước pháp luật.\r\n\r\nTrong một diễn biến khác, thủ trưởng đơn vị có cuộc họp với đội hình sự. Đội trưởng Khánh cho biết, sau liên tiếp các vụ án mạng nhằm vào các cô gái xảy ra, kế hoạch tiếp theo của đội là ngay lập tức bảo vệ người còn sống sót duy nhất trong 5 cô gái cuối cùng đó chính là Đồng Ngọc Lan – con gái của Chủ tịch tập đoàn Đồng Phát, được mệnh danh là \"Vua đất\".\r\n\r\nTuy nhiên khi Khánh cùng động đội của mình đến nơi ở của cô gái trẻ này, chủ tịch Đồng Vĩnh đã bất hợp tác và không cho cả đội tiếp cận con gái của mình.\r\n\r\nĐáng nói, Ngọc Lan bị chính bố của mình giam lỏng chỉ vì sau đêm diễn của Pắc – En – Zồ có liên quan đến cái chết của một trong số 5 người bạn cùng đi xem diễn. Chủ tịch Đồng Vĩnh biết rõ con gái của mình đã rủ rê đám bạn cùng chơi ma túy đá đã dẫn đến cái chết của Hương, do vậy, ông quyết định giam lỏng bảo vệ Ngọc Lan.\r\nFedora là ai và Nhật là ai hiện là thắc mắc của nhiều khán giả truyền hình. Nhiều ý kiến cho rằng hai nhân vật này thực chất chỉ là một người, và chính là thủ phạm đằng sau nhiều vụ án mạng. Nhiều diễn biến của phim cũng chứng minh cho điều này. Tuy nhiên, với những diễn biến trong tập 4, tập 5, cũng không ít ý kiến cho rằng hai nhân vật là anh em sinh đôi, cùng do Doãn Quốc Đam thủ vai.\r\n\r\nKhán giả Hoàng Bích Phương bình luận: \"Chắc chắn Fedora và Long Nhật là 2 người, có thể cùng mẹ và khác cha. Có đoạn thoại bố mẹ Long Nhật nói chuyện với nhau, và mẹ Long Nhật có đẻ đứa con trai khác ở ngôi nhà bà ấy giấu giếm\".\r\n\"Fedora là anh trai Long Nhật. Hai tên này ngoại hình giống nhau. Nhân vật anh đổ tội cho em trai\", tài khoản có tên Lý Quỳnh Nga đồng tình.\r\n\r\nTừ lập luận này, nhiều người tiếp tục khẳng định gã bác sĩ tâm lý mới là trùm cuối, là thủ phạm thực sự đằng sau những vụ án mạng.\r\n\r\nTuy nhiên, cũng có quan điểm phản bác. Nhiều người vẫn khẳng định Long Nhật và Fedora là một người. Hắn thông minh nhưng cũng mắc bệnh tâm thần, và đã gây ra nhiều cái chết. Những tranh cãi hiện vẫn chưa có hồi kết, trong khi đạo diễn Khải Anh cho biết tập 8, hung thủ sẽ được hé lộ.', 3122, 1, 1, 7, 3, 'thanhtinh', '2019-05-09 00:00:00', '\'Mê cung\' ngày càng kịch tính, khán giả tranh cãi về Doãn Quốc Đam', 'https://firebasestorage.googleapis.com/v0/b/flashfood-ce894.appspot.com/o/p_18_thumb.jpg?alt=media&token=d53cba59-8945-417b-842e-9ed934046b4a', 'Nhiều khán giả cho rằng Nhật và Fedora tuy cùng do Doãn Quốc Đam thủ vai nhưng thực ra là hai người, có thể là anh em sinh đôi.', NULL, '2019-06-05 17:25:18', '2019-06-05 17:25:18');
INSERT INTO `posts` VALUES (20, 'https://firebasestorage.googleapis.com/v0/b/flashfood-ce894.appspot.com/o/p_20_ava.jpg?alt=media&token=5979d023-0e0c-4e54-af1c-e505d8e6ac0b', 'Trong bài viết dài đăng trên mục quan điểm của New York Times, Chris Hughes cho rằng Mark Zuckerberg đang sở hữu \"quyền lực không ai kiểm soát\" và tầm ảnh hưởng \"lớn hơn rất nhiều so với bất cứ ai khác trong khu vực tư nhân hoặc trong chính phủ\".\r\n\r\nTheo ông Hughes, đã đến lúc để xé nhỏ Facebook ra.\r\n\r\n\"Mark là người tốt và nhân hậu. Nhưng tôi thấy giận dữ vì mong muốn tập trung vào tăng trưởng của anh ấy dẫn tới việc đánh đổi an ninh và văn minh để lấy những cái click\", nhà đồng sáng lập Facebook nhận định.\r\n\r\n\"Tôi thất vọng với chính bản thân mình và đội ngũ ban đầu của Facebook vì đã không nghĩ nhiều hơn tới việc thuật toán News Feed có thể thay đổi văn hóa, ảnh hưởng đến các cuộc bầu cử và trao quyền lực cho những các lãnh đạo dân tộc chủ nghĩa\", ông Hughes viết.\r\n\r\n\"Tôi lo ngại rằng Mark tập hợp xung quanh mình một đội ngũ củng cố niềm tin của anh ấy thay vì thách thức nó\".\r\nHughes là nhân vật mới nhất trong chuỗi những nhà khởi nghiệp và giám đốc điều hành các công ty công nghệ kêu gọi kiểm soát chặt chẽ hơn với Facebook và những nền tảng trực tuyến khác.\r\n\r\nHọ bày tỏ quan điểm trong khi các quốc gia trên thế giới đang chạy đua để kiểm soát tốt hơn mạng xã hội, sau chuỗi những bê bối liên quan đến bảo vệ dữ liệu cá nhân, can thiệp bầu cử và sự lan tràn của thông tin sai lệch.\r\n\r\nÔng chủ Facebook bắt đầu có tín hiệu về việc cởi mở với một số sự kiểm soát. Trong một bài viết trên mục ý kiến của tờ Washington Post hồi tháng 3, CEO mạng xã hội lớn nhất thế giới nhắc tới những lĩnh vực mà ông cho rằng nên bắt đầu siết chặt quy định từ đó.\r\n\r\nTheo quan điểm của Hughes, việc Facebook kêu gọi siết chặt quy định kiểm soát đối với chính họ là cách để né tránh bị kiện từ chính phủ trong tương lai.\r\n\r\nHughes, đã nghỉ việc tại Facebook được hơn một thập kỷ, cho biết tinh thần cạnh tranh và mong muốn thống trị của Zuckerberg dẫn tới việc tập đoàn này kiểm soát tới 80% doanh thu từ mạng xã hội trên thế giới.\r\n\r\nDoanh nhân này cho rằng Facebook hiện tại đã có \"sự độc quyền đầy quyền lực\", và tập đoàn này cần phải đảo ngược các thương vụ mua lại Instagram và WhatsApp.\r\n\r\nÔng Hughes cũng đề xuất việc chính phủ Mỹ nên tạo ra một cơ quan riêng để kiểm soát các tập đoàn công nghệ.\r\n\r\n\"Zuckerberg đã tạo ra một người khổng lồ, đè bẹp việc khởi nghiệp và hạn chế lựa chọn của người dùng. Chính phủ sẽ phải có trách nhiệm phải đảm bảo rằng chúng ta không thể mất đi sự kỳ diệu của bàn tay vô hình\", ông Hughes nhận xét.\r\n\r\nChris Hughes năm nay 35 tuổi, là bạn cùng phòng của Mark Zuckerberg tại Harvard và hiện có tài sản trị giá 430 triệu USD.', 6650, 1, 0, 1, 3, 'trieu123', '2019-04-30 00:00:00', 'Đồng sáng lập FB: Đã đến lúc xé nhỏ Facebook ra', 'https://firebasestorage.googleapis.com/v0/b/flashfood-ce894.appspot.com/o/p_20_thumb.jpg?alt=media&token=54926945-e941-49f3-a5cf-6f7b89e290dd', 'Chris Hughes là người giúp Mark Zuckerberg biến Facebook từ một dự án ở trường đại học thành một đế chế thật sự, và giờ thì ông cho rằng tập đoàn này nên được chia nhỏ ra.', NULL, '2019-06-06 00:17:20', '2019-06-06 00:17:20');
INSERT INTO `posts` VALUES (21, 'https://firebasestorage.googleapis.com/v0/b/flashfood-ce894.appspot.com/o/p_21_ava.jpg?alt=media&token=513fa2d3-7ee0-4c50-8755-cbfc47fddae9', 'Cùng bạn bè cà phê thưởng thức những đồ uống mát lạnh, hay rủ nhau vào rạp tận hưởng những bộ phim bom tấn luôn được xem là cách trốn nóng hữu hiệu. Nhưng chi phí cho hai hoạt động này không hề nhỏ.\r\n\r\nĐể tiết kiệm chi phí, bạn có thể tham khảo chương trình hoàn tiền 50% khi uống cà phê và mua vé xem phim bằng thẻ MSB Mastercard trong tháng 5 và 6 của Ngân hàng Hàng hải (MSB).\r\n\r\nTheo đó, khi thanh toán bằng thẻ quốc tế MSB Mastercard cho các chi tiêu cà phê và xem phim vào tất cả thứ sáu, thứ bảy, chủ nhật của tháng 5 và 6, khách hàng là chủ thẻ sẽ có cơ hội nhận ưu đãi hoàn tiền 50% trên tổng giá trị hóa đơn, lên tới 600.000 đồng.\r\nCụ thể, chủ thẻ được hoàn tiền 50% tới 300.000 đồng khi chi tiêu tại hệ thống Starbucks Coffee, Highlands Coffee, Phúc Long Coffee & Tea House, The Coffee House trên toàn quốc; hoàn tiền 50% tới 300.000 đồng khi mua vé xem phim tại hệ thống các rạp CGV, Lotte Cinema, BHD Cinema, Galaxy Cinema trên toàn quốc (áp dụng cho cả mua vé online tại website chính thức của CGV và Lotte).\r\n\r\nMỗi chủ thẻ được áp dụng hoàn tiền tối đa hai lần trong thời gian diễn ra chương trình, trong đó có một lần hoàn tiền khi chi tiêu tại hệ thống các quán cà phê và/hoặc một lần hoàn tiền khi chi tiêu mua vé xem phim tại các rạp phim trên, tính theo thứ tự chi tiêu sớm của từng tháng. Chủ thẻ sẽ được hoàn tiền cho giao dịch thanh toán thành công đầu tiên trong quá trình diễn ra chương trình, ưu đãi có thể kết thúc trước hạn khi hết ngân sách.\r\n\r\nNgoài ra, MSB còn mang đến loạt ưu đãi khác như giảm 10% hóa đơn kem Fanny, miễn phí nước ngọt tại hệ thống nhà hàng thuộc Redsun, giảm 7% khi đặt khách sạn tại Agoda; giảm 10% hóa đơn tại nhà hàng Taki Taki Hà Nội…\r\n\r\nĐây là ưu đãi nằm trong chương trình Joy+ được MSB triển khai định kỳ, dành riêng cho chủ thẻ quốc tế MSB, với mức hoàn tiền tới 50%/lần. Hợp tác với các đối tác uy tín trong ngang dịch vụ ăn uống, xem phim, du lịch, điện máy, mua sắm…, MSB và Joy+ đang mang đến nhiều ưu đãi chi tiêu cho chủ thẻ MSB Mastercard.\r\n\r\nĐể biết thêm thông tin chi tiết về chương trình, khách hàng liên hệ chi nhánh MSB gần nhất; gọi tổng đài 1800599999 (miễn phí 24/7) - 024.39445566; hoặc truy cập website tại đây.', 8200, 1, 1, 30, 3, 'trieu123', '2019-05-15 00:00:00', 'Xem phim, uống cà phê được hoàn tiền 50%, đến 600.000 đồng', 'https://firebasestorage.googleapis.com/v0/b/flashfood-ce894.appspot.com/o/p_21_thumb.jpg?alt=media&token=d576d29a-37e3-49d2-9814-410affb97817', 'Để “trốn nóng” ngày hè, bạn có thể chọn xem phim hoặc uống cà phê, đồng thời tận dụng các ưu đãi của ngân hàng để được hoàn tiền đến 600.000 đồng.', NULL, '2019-06-05 17:24:47', '2019-06-05 17:24:47');
INSERT INTO `posts` VALUES (22, 'https://firebasestorage.googleapis.com/v0/b/flashfood-ce894.appspot.com/o/p_22_ava.jpg?alt=media&token=bc78c80d-55cb-44df-ab6f-db0082cf5efd', 'Theo bài báo được công bố trên tạp chí Environmental Research Communications, nhóm tác giả đã khảo sát một khu rừng cổ thụ bên bờ sông Đen tại Bắc Carolina và tìm thấy hàng trăm cây bách hói (Bald Cypress) đại thụ có tuổi thọ từ 1.000-2.000 năm, cá biệt có cây đã sống 2.624 năm.\r\n\r\nLoài thực vật này có tên khoa học là Taxodium distichum, phát triển mạnh trong vùng đất ngập nước và là loài bản địa của vùng đông nam nước Mỹ.\r\nCác nhà khoa học thu thập mẫu trên 110 cây thuộc khu Bảo tồn thiên nhiên Bắc Carolina. Những công trình trước đó đã xác định nhóm cây này có tuổi thọ trên 1.000 năm.\r\n\r\nSau khi nghiên cứu với phương pháp xác định tuổi bằng vòng cây (dendrochronology) và định tuổi bằng đồng vị carbon (radiocarbon), nhóm tác giả rất ngạc nhiên khi tìm thấy nhiều cây có tuổi thọ vượt quá 2.000 năm. Trong đó tuổi thọ cao nhất thuộc về cây được đánh mã BLK227 với 2.624 năm.\r\n\r\n\"Thật kỳ lạ khi nhìn thấy hàng loạt cây cổ thụ sống dọc chiều dài của một con sông như vậy\", Giáo sư David Stahle, tác giả chính của nghiên cứu cho biết. \"Gỗ cây bách hói có giá trị và chúng đã được khai thác rất nhiều. Còn chưa đến 1% rừng cây bách hói nguyên thủy sống sót\".', 4500, 1, 1, 10, 3, 'trieu123', '2019-05-14 00:00:00', 'Đã tìm ra cây cổ thụ 2.624 tuổi đang sống tươi tốt ở Mỹ', 'https://firebasestorage.googleapis.com/v0/b/flashfood-ce894.appspot.com/o/p_22_thumb.jpg?alt=media&token=8e7be27f-d67a-4cf1-8613-f3b5f216abfd', 'Các nhà khoa học Mỹ vừa bất ngờ phát hiện một cây bách hói có tuổi thọ hơn 2 thiên niên kỷ. Thông tin này gây xôn xao trên các diễn đàn khoa học và sinh vật.', NULL, '2019-06-05 17:24:43', '2019-06-05 17:24:43');
INSERT INTO `posts` VALUES (28, 'https://firebasestorage.googleapis.com/v0/b/flashfood-ce894.appspot.com/o/p_4_ava.jpg?alt=media&token=3f1dde61-e7fc-4210-a806-1636d067485f', '<p>Đẹp l&agrave; chuyện của hoa<iframe src=\"//www.youtube.com/embed/Tk5XqzEYNxE\" width=\"560\" height=\"315\" frameborder=\"0\" allowfullscreen=\"allowfullscreen\"></iframe></p>', 0, 1, 0, 4, 6, NULL, NULL, 'Hoa xuân', '', 'đẹp quá trời', NULL, '2019-06-22 08:51:09', '2019-06-22 08:59:47');
INSERT INTO `posts` VALUES (30, 'awd', '<p>awd</p>', 0, 3, 0, 1, 6, 'dawdawd', '2019-06-27 09:37:51', 'awwd', '', 'awd', NULL, '2019-06-22 09:38:29', '2019-06-22 09:38:29');
INSERT INTO `posts` VALUES (31, 'awd', '<p>awd</p>', 0, 3, 0, 5, 3, 'Money', NULL, 'awd', '', 'awd', NULL, '2019-06-22 09:04:52', '2019-06-22 09:04:52');
INSERT INTO `posts` VALUES (32, 'aaa', '<p><iframe src=\"//www.youtube.com/embed/Tk5XqzEYNxE\" width=\"560\" height=\"315\" frameborder=\"0\" allowfullscreen=\"allowfullscreen\"></iframe></p>', 0, 1, 0, 1, 3, 'Money', NULL, 'aaaa', '', 'aaaa', NULL, '2019-06-22 09:35:05', '2019-06-22 09:36:00');

-- ----------------------------
-- Table structure for roles
-- ----------------------------
DROP TABLE IF EXISTS `roles`;
CREATE TABLE `roles`  (
  `id` int(11) NOT NULL AUTO_INCREMENT,
  `name` varchar(255) CHARACTER SET utf8 COLLATE utf8_general_ci NOT NULL,
  `created_at` datetime(0) NOT NULL ON UPDATE CURRENT_TIMESTAMP(0),
  `updated_at` datetime(0) NOT NULL ON UPDATE CURRENT_TIMESTAMP(0),
  PRIMARY KEY (`id`) USING BTREE
) ENGINE = InnoDB AUTO_INCREMENT = 7 CHARACTER SET = utf8 COLLATE = utf8_general_ci ROW_FORMAT = Dynamic;

-- ----------------------------
-- Records of roles
-- ----------------------------
INSERT INTO `roles` VALUES (1, 'GUEST', '2019-05-09 23:12:39', '2019-05-09 23:12:45');
INSERT INTO `roles` VALUES (2, 'SUBSCRIBER', '2019-05-09 17:18:50', '2019-05-09 17:18:50');
INSERT INTO `roles` VALUES (3, 'WRITER', '2019-05-09 17:18:53', '2019-05-09 17:18:53');
INSERT INTO `roles` VALUES (4, 'EDITOR', '2019-05-09 17:18:55', '2019-05-09 17:18:55');
INSERT INTO `roles` VALUES (5, 'ADMIN', '2019-05-09 17:18:57', '2019-05-09 17:18:57');

-- ----------------------------
-- Table structure for tags
-- ----------------------------
DROP TABLE IF EXISTS `tags`;
CREATE TABLE `tags`  (
  `id` int(11) NOT NULL AUTO_INCREMENT,
  `name` varchar(255) CHARACTER SET utf8 COLLATE utf8_general_ci NULL DEFAULT NULL,
  `created_at` datetime(0) NULL ON UPDATE CURRENT_TIMESTAMP(0),
  `updated_at` datetime(0) NULL ON UPDATE CURRENT_TIMESTAMP(0),
  PRIMARY KEY (`id`) USING BTREE
) ENGINE = InnoDB AUTO_INCREMENT = 12 CHARACTER SET = utf8 COLLATE = utf8_general_ci ROW_FORMAT = Dynamic;

-- ----------------------------
-- Records of tags
-- ----------------------------
INSERT INTO `tags` VALUES (1, 'Doanh nghiệp', '2019-04-01 00:00:00', '2019-05-01 00:00:00');
INSERT INTO `tags` VALUES (2, 'Thể thao', '2019-04-02 00:00:00', '2019-04-03 00:00:00');
INSERT INTO `tags` VALUES (3, 'TV', '2019-05-01 00:00:00', '2019-05-01 00:00:00');
INSERT INTO `tags` VALUES (4, 'Phim ảnh', '2019-05-10 16:36:07', '2019-05-10 16:36:07');
INSERT INTO `tags` VALUES (5, 'Bóng đá', '2019-05-01 00:00:00', '2019-05-01 00:00:00');
INSERT INTO `tags` VALUES (6, 'Thời sự', '2019-04-01 00:00:00', '2019-04-01 00:00:00');
INSERT INTO `tags` VALUES (7, 'Mobile', '2019-05-01 00:00:00', '2019-05-01 00:00:00');
INSERT INTO `tags` VALUES (8, 'Công nghệ', '2019-05-10 16:34:53', '2019-05-10 16:34:53');
INSERT INTO `tags` VALUES (9, 'Thể thao', '2019-05-01 00:00:00', '2019-05-01 00:00:00');
INSERT INTO `tags` VALUES (10, 'Khen thưởng', '2019-04-10 00:00:00', '2019-04-19 00:00:00');

-- ----------------------------
-- Table structure for users
-- ----------------------------
DROP TABLE IF EXISTS `users`;
CREATE TABLE `users`  (
  `id` int(11) NOT NULL AUTO_INCREMENT,
  `name` varchar(255) CHARACTER SET utf8 COLLATE utf8_general_ci NULL DEFAULT NULL,
  `username` varchar(255) CHARACTER SET utf8 COLLATE utf8_general_ci NULL DEFAULT NULL,
  `password` varchar(255) CHARACTER SET utf8 COLLATE utf8_general_ci NULL DEFAULT NULL,
  `access_token` text CHARACTER SET utf8 COLLATE utf8_general_ci NULL,
  `role_id` int(11) NULL DEFAULT NULL,
  `expiry_date` datetime(0) NULL DEFAULT NULL,
  `email` varchar(255) CHARACTER SET utf8 COLLATE utf8_general_ci NULL DEFAULT NULL,
  `pseudonym` varchar(255) CHARACTER SET utf8 COLLATE utf8_general_ci NULL DEFAULT NULL,
  `birthday` varchar(255) CHARACTER SET utf8 COLLATE utf8_general_ci NULL DEFAULT NULL,
  `category_id` int(11) NULL DEFAULT NULL,
  `manage_by` int(11) NULL DEFAULT NULL,
  `created_at` datetime(0) NULL ON UPDATE CURRENT_TIMESTAMP(0),
  `updated_at` datetime(0) NULL ON UPDATE CURRENT_TIMESTAMP(0),
  `reset_token` varchar(255) CHARACTER SET utf8 COLLATE utf8_general_ci NULL DEFAULT NULL,
  `expries_token` datetime(0) NULL DEFAULT NULL,
  PRIMARY KEY (`id`) USING BTREE,
  INDEX `role_id`(`role_id`) USING BTREE,
  INDEX `id`(`id`, `username`) USING BTREE,
  INDEX `category_id`(`category_id`) USING BTREE,
  CONSTRAINT `users_ibfk_1` FOREIGN KEY (`role_id`) REFERENCES `roles` (`id`) ON DELETE RESTRICT ON UPDATE RESTRICT
) ENGINE = InnoDB AUTO_INCREMENT = 10 CHARACTER SET = utf8 COLLATE = utf8_general_ci ROW_FORMAT = Dynamic;

-- ----------------------------
-- Records of users
-- ----------------------------
INSERT INTO `users` VALUES (1, 'thanhtinh', 'thanhtinh', '$2b$10$0vF8IdjBhhtjfIoTvezBcu1VDescrgL3qOqx1sHG0Rc0WDG.Ryfme', 'Trùm cuối', 1, NULL, 'thanhtinhpas@gmail.com', 'trùm cuối', '1997-05-09', NULL, NULL, '2019-06-21 09:48:04', '2019-06-21 09:48:04', NULL, NULL);
INSERT INTO `users` VALUES (2, 'quangtrieu', 'subscriber', '$2b$10$3elT0zOG6hF0KIHqN4l1gugHSrw/2Rje.v/LnwKsUvHyc4qxTsG.i', '^^', 2, '2019-06-28 00:00:00', 'thanhtinhpas@gmail.com', NULL, '1998-05-21', NULL, NULL, '2019-06-22 09:33:44', '2019-06-22 09:42:36', NULL, NULL);
INSERT INTO `users` VALUES (3, 'thanhtinh', 'writer', '$2b$10$3elT0zOG6hF0KIHqN4l1gugHSrw/2Rje.v/LnwKsUvHyc4qxTsG.i', '@@', 3, '2019-05-17 00:00:00', 'huutien@gmail.com', 'Money', '1998-05-18', 1, NULL, '2019-06-23 21:12:38', '2019-06-23 21:12:38', NULL, NULL);
INSERT INTO `users` VALUES (4, 'thanhtinh', 'editor', '$2b$10$3elT0zOG6hF0KIHqN4l1gugHSrw/2Rje.v/LnwKsUvHyc4qxTsG.i', '@@', 4, '2019-05-07 00:00:00', 'hello@gmail.com', 'Rider', '1999-05-01', NULL, NULL, '2019-06-21 09:48:05', '2019-06-21 09:48:05', NULL, NULL);
INSERT INTO `users` VALUES (6, 'thanhtinh', 'admin', '$2b$10$3elT0zOG6hF0KIHqN4l1gugHSrw/2Rje.v/LnwKsUvHyc4qxTsG.i', NULL, 5, NULL, 'hdbhdh', NULL, '2019-06-20', 0, NULL, '2019-06-21 09:57:45', '2019-06-21 09:57:45', NULL, NULL);
INSERT INTO `users` VALUES (7, 'thanhtinh', 'trieu', '$2b$10$3elT0zOG6hF0KIHqN4l1gugHSrw/2Rje.v/LnwKsUvHyc4qxTsG.i', NULL, 5, NULL, 'donaldtrieu@gmail.com', 'MTP', '06/06/2019', 18, NULL, '2019-06-04 16:35:10', '2019-06-04 04:54:46', NULL, NULL);
INSERT INTO `users` VALUES (8, 'thanhtinh', 'awd', '$2b$2b$10$3elT0zOG6hF0KIHqN4l1gugHSrw/2Rje.v/LnwKsUvHyc4qxTsG.i', NULL, 5, '2019-06-11 12:00:00', 'awd@gmail', 'MTP', '06/25/2019', 0, NULL, '2019-06-21 09:48:05', '2019-06-21 09:48:05', NULL, NULL);
INSERT INTO `users` VALUES (9, 'thanhtinh', 'trieunq', '$2b$10$eYWgcp3twC0jFH/NMHwXROL/pOA0c6mAArAWWWgrr9HFfltX43qSO', NULL, 2, '2019-06-12 04:40:28', 'nguyenquangtrieu02071998@gmail.com', NULL, '2019-06-06', NULL, NULL, '2019-06-21 09:48:05', '2019-06-21 09:48:05', NULL, NULL);

SET FOREIGN_KEY_CHECKS = 1;
